-- MySQL dump 10.13  Distrib 8.0.39, for Linux (x86_64)
--
-- Host: 86.48.3.99    Database: imadProd
-- ------------------------------------------------------
-- Server version	8.0.41

/*!40101 SET @OLD_CHARACTER_SET_CLIENT=@@CHARACTER_SET_CLIENT */;
/*!40101 SET @OLD_CHARACTER_SET_RESULTS=@@CHARACTER_SET_RESULTS */;
/*!40101 SET @OLD_COLLATION_CONNECTION=@@COLLATION_CONNECTION */;
/*!50503 SET NAMES utf8mb4 */;
/*!40103 SET @OLD_TIME_ZONE=@@TIME_ZONE */;
/*!40103 SET TIME_ZONE='+00:00' */;
/*!40014 SET @OLD_UNIQUE_CHECKS=@@UNIQUE_CHECKS, UNIQUE_CHECKS=0 */;
/*!40014 SET @OLD_FOREIGN_KEY_CHECKS=@@FOREIGN_KEY_CHECKS, FOREIGN_KEY_CHECKS=0 */;
/*!40101 SET @OLD_SQL_MODE=@@SQL_MODE, SQL_MODE='NO_AUTO_VALUE_ON_ZERO' */;
/*!40111 SET @OLD_SQL_NOTES=@@SQL_NOTES, SQL_NOTES=0 */;

--
-- Table structure for table `about_companyinfo`
--

DROP TABLE IF EXISTS `about_companyinfo`;
/*!40101 SET @saved_cs_client     = @@character_set_client */;
/*!50503 SET character_set_client = utf8mb4 */;
CREATE TABLE `about_companyinfo` (
  `id` bigint NOT NULL AUTO_INCREMENT,
  `name` varchar(255) NOT NULL,
  `description` longtext NOT NULL,
  `phone` varchar(30) NOT NULL,
  `email` varchar(254) NOT NULL,
  `video` varchar(500) NOT NULL,
  PRIMARY KEY (`id`)
) ENGINE=InnoDB AUTO_INCREMENT=2 DEFAULT CHARSET=utf8mb4 COLLATE=utf8mb4_0900_ai_ci;
/*!40101 SET character_set_client = @saved_cs_client */;

--
-- Dumping data for table `about_companyinfo`
--

LOCK TABLES `about_companyinfo` WRITE;
/*!40000 ALTER TABLE `about_companyinfo` DISABLE KEYS */;
INSERT INTO `about_companyinfo` VALUES (1,'nabbiuwny','best e-learning system','01027766789⁩','nabbiuwny@gmail.com','h2PhzpTVtGA');
/*!40000 ALTER TABLE `about_companyinfo` ENABLE KEYS */;
UNLOCK TABLES;

--
-- Table structure for table `about_companyinfotranslation`
--

DROP TABLE IF EXISTS `about_companyinfotranslation`;
/*!40101 SET @saved_cs_client     = @@character_set_client */;
/*!50503 SET character_set_client = utf8mb4 */;
CREATE TABLE `about_companyinfotranslation` (
  `id` bigint NOT NULL AUTO_INCREMENT,
  `language` varchar(10) NOT NULL,
  `translated_name` varchar(255) NOT NULL,
  `translated_description` longtext NOT NULL,
  `company_info_id` bigint NOT NULL,
  PRIMARY KEY (`id`),
  UNIQUE KEY `about_companyinfotransla_company_info_id_language_479b4631_uniq` (`company_info_id`,`language`),
  CONSTRAINT `about_companyinfotra_company_info_id_89a1eed1_fk_about_com` FOREIGN KEY (`company_info_id`) REFERENCES `about_companyinfo` (`id`)
) ENGINE=InnoDB DEFAULT CHARSET=utf8mb4 COLLATE=utf8mb4_0900_ai_ci;
/*!40101 SET character_set_client = @saved_cs_client */;

--
-- Dumping data for table `about_companyinfotranslation`
--

LOCK TABLES `about_companyinfotranslation` WRITE;
/*!40000 ALTER TABLE `about_companyinfotranslation` DISABLE KEYS */;
/*!40000 ALTER TABLE `about_companyinfotranslation` ENABLE KEYS */;
UNLOCK TABLES;

--
-- Table structure for table `accounts_studentprofile`
--

DROP TABLE IF EXISTS `accounts_studentprofile`;
/*!40101 SET @saved_cs_client     = @@character_set_client */;
/*!50503 SET character_set_client = utf8mb4 */;
CREATE TABLE `accounts_studentprofile` (
  `id` bigint NOT NULL AUTO_INCREMENT,
  `parent_phone` varchar(15) DEFAULT NULL,
  `age` int NOT NULL,
  `user_id` bigint NOT NULL,
  PRIMARY KEY (`id`),
  UNIQUE KEY `user_id` (`user_id`),
  CONSTRAINT `accounts_studentprofile_user_id_04a48d2e_fk_accounts_user_id` FOREIGN KEY (`user_id`) REFERENCES `accounts_user` (`id`)
) ENGINE=InnoDB AUTO_INCREMENT=6 DEFAULT CHARSET=utf8mb4 COLLATE=utf8mb4_0900_ai_ci;
/*!40101 SET character_set_client = @saved_cs_client */;

--
-- Dumping data for table `accounts_studentprofile`
--

LOCK TABLES `accounts_studentprofile` WRITE;
/*!40000 ALTER TABLE `accounts_studentprofile` DISABLE KEYS */;
/*!40000 ALTER TABLE `accounts_studentprofile` ENABLE KEYS */;
UNLOCK TABLES;

--
-- Table structure for table `accounts_teacherinfo`
--

DROP TABLE IF EXISTS `accounts_teacherinfo`;
/*!40101 SET @saved_cs_client     = @@character_set_client */;
/*!50503 SET character_set_client = utf8mb4 */;
CREATE TABLE `accounts_teacherinfo` (
  `id` bigint NOT NULL AUTO_INCREMENT,
  `bio` longtext,
  `specialization` varchar(100) DEFAULT NULL,
  `profile_link` varchar(200) DEFAULT NULL,
  `is_active_to_be_shown_in_home` tinyint(1) NOT NULL,
  `teacher_id` bigint NOT NULL,
  PRIMARY KEY (`id`),
  UNIQUE KEY `teacher_id` (`teacher_id`),
  CONSTRAINT `accounts_teacherinfo_teacher_id_d9f7101a_fk_accounts_user_id` FOREIGN KEY (`teacher_id`) REFERENCES `accounts_user` (`id`)
) ENGINE=InnoDB DEFAULT CHARSET=utf8mb4 COLLATE=utf8mb4_0900_ai_ci;
/*!40101 SET character_set_client = @saved_cs_client */;

--
-- Dumping data for table `accounts_teacherinfo`
--

LOCK TABLES `accounts_teacherinfo` WRITE;
/*!40000 ALTER TABLE `accounts_teacherinfo` DISABLE KEYS */;
/*!40000 ALTER TABLE `accounts_teacherinfo` ENABLE KEYS */;
UNLOCK TABLES;

--
-- Table structure for table `accounts_teacherinfotranslation`
--

DROP TABLE IF EXISTS `accounts_teacherinfotranslation`;
/*!40101 SET @saved_cs_client     = @@character_set_client */;
/*!50503 SET character_set_client = utf8mb4 */;
CREATE TABLE `accounts_teacherinfotranslation` (
  `id` bigint NOT NULL AUTO_INCREMENT,
  `language` varchar(10) NOT NULL,
  `translated_bio` longtext,
  `translated_specialization` varchar(100) DEFAULT NULL,
  `teacher_info_id` bigint NOT NULL,
  PRIMARY KEY (`id`),
  UNIQUE KEY `accounts_teacherinfotran_teacher_info_id_language_fb8be780_uniq` (`teacher_info_id`,`language`),
  CONSTRAINT `accounts_teacherinfo_teacher_info_id_c08eaf88_fk_accounts_` FOREIGN KEY (`teacher_info_id`) REFERENCES `accounts_teacherinfo` (`id`)
) ENGINE=InnoDB DEFAULT CHARSET=utf8mb4 COLLATE=utf8mb4_0900_ai_ci;
/*!40101 SET character_set_client = @saved_cs_client */;

--
-- Dumping data for table `accounts_teacherinfotranslation`
--

LOCK TABLES `accounts_teacherinfotranslation` WRITE;
/*!40000 ALTER TABLE `accounts_teacherinfotranslation` DISABLE KEYS */;
/*!40000 ALTER TABLE `accounts_teacherinfotranslation` ENABLE KEYS */;
UNLOCK TABLES;

--
-- Table structure for table `accounts_user`
--

DROP TABLE IF EXISTS `accounts_user`;
/*!40101 SET @saved_cs_client     = @@character_set_client */;
/*!50503 SET character_set_client = utf8mb4 */;
CREATE TABLE `accounts_user` (
  `id` bigint NOT NULL AUTO_INCREMENT,
  `password` varchar(128) NOT NULL,
  `last_login` datetime(6) DEFAULT NULL,
  `is_superuser` tinyint(1) NOT NULL,
  `username` varchar(150) NOT NULL,
  `first_name` varchar(150) NOT NULL,
  `last_name` varchar(150) NOT NULL,
  `email` varchar(254) NOT NULL,
  `is_staff` tinyint(1) NOT NULL,
  `is_active` tinyint(1) NOT NULL,
  `date_joined` datetime(6) NOT NULL,
  `role` varchar(10) NOT NULL,
  `name` varchar(100) NOT NULL,
  `phone` varchar(15) DEFAULT NULL,
  `image` varchar(100) DEFAULT NULL,
  PRIMARY KEY (`id`),
  UNIQUE KEY `username` (`username`)
) ENGINE=InnoDB AUTO_INCREMENT=55 DEFAULT CHARSET=utf8mb4 COLLATE=utf8mb4_0900_ai_ci;
/*!40101 SET character_set_client = @saved_cs_client */;

--
-- Dumping data for table `accounts_user`
--

LOCK TABLES `accounts_user` WRITE;
/*!40000 ALTER TABLE `accounts_user` DISABLE KEYS */;
INSERT INTO `accounts_user` VALUES (1,'pbkdf2_sha256$600000$LDR8syUGa87Tw9ynk3N8pl$TFfIJQzPNxkBOBKvvDw4xys+C5mmM360jQFzzH2dC3o=','2025-03-08 19:16:48.408081',1,'imad','','','yesmynameisahmedmohamed@gmail.com',1,1,'2025-02-20 20:19:02.762006','admin','',NULL,''),(2,'pbkdf2_sha256$600000$S3OKvni5Z9FSOfBvUerabH$/mRHzstU+S0I3iAcQaPVVqG3y2zpMXGABDUXBDL7v9s=','2025-03-12 04:18:58.652764',1,'rewan','','','rewan@gmail.com',1,1,'2025-02-20 22:45:05.994811','admin','rewan',NULL,''),(6,'pbkdf2_sha256$600000$t4MsdlIoEjKHnfq3kvEc7z$bqGntYLmBUjCqGCsgr5ugDq/OIlka4hEnf/LgK/qTfg=','2025-02-21 22:35:31.597223',0,'HOSSAM@said1994','','','hosamabotaleb190@gmail.com',1,1,'2025-02-21 21:55:19.293530','teacher','hossam said','+201028788223',''),(7,'pbkdf2_sha256$600000$uOJJy04uoAW3dGjXBMqfTp$eX4K8mCyK2zJOCOwjx9V9hzmFfQZU/eXkLcuWW6UXaQ=','2025-02-22 09:32:48.148601',0,'Asmaa_Hassan','','','asmaahassanxyz@gmail.com',1,1,'2025-02-21 21:59:29.113459','teacher','asmaa hassan','+201090703635',''),(9,'pbkdf2_sha256$600000$q52Gh1unWDNstg7lUOwOqP$wdj2TxD6DJy+Mtjyx6VvQBYh588/B4Euto3AEearrdI=',NULL,0,'MrMohamedElgendy','','','Mr.m_elgendy@yahoo.com',1,1,'2025-02-21 23:01:54.927510','teacher','mr mohamed elgendy','+201008940176',''),(10,'pbkdf2_sha256$600000$7yVqZJ4rIebhYW7Dq6G0Bz$3JDffhSBENCrc5YsOH1XMIdZ+eoavDDeAHJ8QwokyHM=','2025-02-24 21:28:23.691270',0,'Mohamed_Ahmed_Gaml','','','Gamal004@gmail.com',1,1,'2025-02-22 00:59:52.628556','teacher','Mohamed gaml','+201032738200',''),(12,'pbkdf2_sha256$600000$aOcuLj2kTbNb5vxTonBtOs$STmz81jSdejNuVjXFsmpyQBbv5Mrf4Vy+seKhKAfOVE=','2025-02-22 19:50:07.439350',0,'Mohamed@Kassem1','','','mohamedkasssem14@gmail.com',1,1,'2025-02-22 07:20:45.484825','teacher','muhammed kasem','+201154548896',''),(13,'pbkdf2_sha256$600000$ah1njeUec92EAjf3xfyara$qVVAPP5ZhgDM9DHFQLeAaIqmZEWzGRWzGTcxf02YP+8=',NULL,0,'MrAhmedAamer','','','mr.ahmed.aamer2020@gmail.com',1,1,'2025-02-22 17:22:11.710839','teacher','Mr Ahmed 3amer','01001882205',''),(15,'pbkdf2_sha256$600000$pFRjN4GFDNOLApPwnzc26S$3GJ+RF+ytoSkPfOizLB+X0USLJqIabvQ6v3wyCnp9SE=','2025-02-25 13:17:13.398316',0,'mr_emad','','','emadelhangeri1975@gmail.com',1,1,'2025-02-25 13:13:05.575282','teacher','mr emad','01556222475',''),(24,'pbkdf2_sha256$600000$hqQ6pmV0efGOVQCk5wG6X7$wAuG0Zx6RK1w4RHGqyMrOT3/qyxy0zBI5P5PDlNdXLI=',NULL,0,'Noura20','','','Noura20@gmail.com',0,1,'2025-03-11 21:06:48.402036','student','noura','+201094525361',''),(25,'pbkdf2_sha256$600000$kfJOsr72aGOMBCzTMnHfzn$+SMK57XiNTz2A+bfGjaF0D3K27xtLwM+04Eb5Mar+y8=',NULL,0,'3a24a','','','esha@gmail.com',0,1,'2025-03-11 21:08:00.196777','student','',NULL,''),(26,'pbkdf2_sha256$600000$Mf3CM3KUUHGe4uC0wzRbze$VbHYtVTkC0rhAVglJMwOpLswz4FUsqCiqhSrfbyVec0=',NULL,0,'Assma76','','','Assma76@gmail.com',0,1,'2025-03-11 21:08:45.697242','student','',NULL,''),(27,'pbkdf2_sha256$600000$Cm2wNzdoNZmCLKfS0k3crM$LtK9bwxmNvoE6csisPMgaS390zZFxciP3XS9xWJsqqQ=',NULL,0,'Ahmed45','','','Ahmed45@gmail.com',0,1,'2025-03-11 21:09:24.181383','student','',NULL,''),(28,'pbkdf2_sha256$600000$yHeaE4t06m6MtZJgAO3VP0$A4KzPyTIyrcTgRT7cdyrmFxMd+emdkGpl+VAJgFpOMU=',NULL,0,'Fager_eltaheny','','','fagereltaheny@gmail.com',0,1,'2025-03-11 21:10:55.185718','student','',NULL,''),(30,'pbkdf2_sha256$600000$nLYARTWzlMsPRJzwZfN9BK$qtH+s5n3IwARAiSg1tRIhPifgOWM5vleGvL1NU7t/yI=',NULL,0,'reham37','','','reham37@gmail.com',0,1,'2025-03-11 21:16:50.514913','student','',NULL,''),(31,'pbkdf2_sha256$600000$BmD3SKsF124rpiYqvHDt01$bg7nPOhhLAESXKLUGYq0lGww2t1nQMPJ3x5hNvu2E+o=',NULL,0,'Mohammed42','','','Mohammed42@gmail.com',0,1,'2025-03-11 21:18:29.714413','student','',NULL,''),(32,'pbkdf2_sha256$600000$lnmoMIFuTAwcSDoG1IBzag$cqVol2tpl8QFFRmTCN4Qgwiazat6HCL42C0hA4HboAw=',NULL,0,'abdullah12','','','Abdullah12@gmail.com',0,1,'2025-03-11 21:58:29.147522','student','abdullah','+971507924446',''),(33,'pbkdf2_sha256$600000$igyJ5uSjG12v5BGtpM7vnG$QuRK3Y32jjLIzLavTE5ooaHWX/r5QZoaWQwTTw7W/g8=',NULL,0,'Bayan20','','','Bayan20@gmail.com',0,1,'2025-03-11 22:00:33.984109','student','Bayan','+966548557587',''),(34,'pbkdf2_sha256$600000$P2dlIAB3WFroSSVaGx7JaT$+Gjhk0U5TvU7xhTS0QdW9Zf0AyLZjZ31ph6iyr9chYM=',NULL,0,'Lama34','','','Lama34@gmail.com',0,1,'2025-03-11 22:02:39.865343','student','Bayan','+966548557587',''),(35,'pbkdf2_sha256$600000$ep6CEUMgX3rd1bqFRKS1Vh$ZqFeegxUj7SVBEgnCZalrreNZ1a2aPm4scgS2bL3rAg=',NULL,0,'Nawal22','','','Nawal22@gmail.com',0,1,'2025-03-11 22:04:19.900612','student','Nawal','+966562959795',''),(36,'pbkdf2_sha256$600000$htDOyLYNQH4dAH4y8KNqXg$CKVFGynwgWyvIvU589avS4VSQay9TAtP3BDs3sdtdqY=',NULL,0,'Yasmin54','','','Yasmin54@gmail.com',0,1,'2025-03-11 22:08:13.869051','student','Yassmen','+966549164131',''),(37,'pbkdf2_sha256$600000$XfLL4z3eH3fRujDAuYm1wJ$gmS2bXeUB6PPKFwaz+Y+gnBUsT6DU83udvfrmdKgtjo=',NULL,0,'Amr56','','','Omar56@gmail.com',0,1,'2025-03-11 22:09:26.154615','student','Amr','+971556882005',''),(38,'pbkdf2_sha256$600000$aOX3nKtHpOvY7W3PQcwEod$rGKFSZao2XigjSULTs7onOh4l5C44dxcT2koORiC8QY=',NULL,0,'Hemdan68','','','Hemdan68@gmail.com',0,1,'2025-03-11 22:11:00.235610','student','hemdan','+971544924470',''),(41,'pbkdf2_sha256$600000$U5CPdp0pUowTBWfFHcTg1a$vMBhYw8wKtDlpWUjV8KT+FDrsTosqLjRfeaG2OiOlyY=',NULL,0,'Fager12','','','Fager12@gmail.com',0,1,'2025-03-13 00:04:00.038768','student','fager','+971568190747',''),(44,'pbkdf2_sha256$600000$qKUvfs0lNdLU5eeTcfAXKl$eCpsJvAnm/lBXjb6axegwJaAJDBXcVGtZLfH0T0mtGE=','2025-03-14 20:14:23.575734',0,'mohamed_emad','','','mohamed.emad@gmail.com',0,1,'2025-03-13 00:29:27.908066','student','mohamed emad','01118530442',''),(45,'pbkdf2_sha256$600000$HTw4mGA3t3WWFLRqvned2z$frLCSx9gRNGD6F1UzRAEw2d+zgaiwoHCnL20n7JAS8s=',NULL,0,'Fatma_hasan','','','fatmahasanmazen@gmail.com',1,1,'2025-03-13 23:03:30.533728','teacher','fatma hasan','‪+201008836260',''),(46,'pbkdf2_sha256$600000$457eftlKfF4xxHmFvTbSMa$2w+BOQhx8znVZM6TOYTHEyDO9TwiS1gxaeD1t7j1lpU=',NULL,0,'Fathy_Elbana','','','fthyelbnna@gmail.com',1,1,'2025-03-13 23:07:30.618105','teacher','Fathy Elbana',NULL,''),(47,'pbkdf2_sha256$600000$vvQWTnlmGdRnVHabh1rtvr$eiv0vfw9S4Z65QVZq1zrt7hA3jEh9JqFi0Bv7lwMpYk=',NULL,0,'Menna_ayman','','','moba10447@gmail.com',1,1,'2025-03-13 23:12:09.919259','teacher','menna ayman','01024310302',''),(48,'pbkdf2_sha256$600000$dzIq9qjkzEqHGzzWYeCkU8$QKDsFAfwVeWi8DoqCScILFy5rci4A86B57jx81cyDrM=',NULL,0,'abdullah_Abd6','','','Abdullah66@gmail.com',0,1,'2025-03-13 23:24:03.882411','student','',NULL,''),(49,'pbkdf2_sha256$600000$hJtY8S0tJtilfkP2pSky8U$xImeu91BjAcBbLvGpuHYj8VEDo1is427miyi5QI3i/w=',NULL,0,'Abdelrahman88','','','Abdelrahman88@gmail.com',0,1,'2025-03-13 23:25:41.306069','student','',NULL,''),(50,'pbkdf2_sha256$600000$77wVHURKWVrZXH6coXbWLi$Wv7UXv6TLo9hKnjSkyEfT3WRrZNJDb811p97fnASf8Q=',NULL,0,'mazen23','','','mazen23@gmail.com',0,1,'2025-03-14 08:36:19.946223','student','',NULL,''),(51,'pbkdf2_sha256$600000$BvPyeyGOphUyik1pxZK2cN$ScEPUmz1pf7ko52ginJNz8xNqUaR3OcupKE10d+pYeY=',NULL,0,'Anas44','','','Anas44@gmail.com',0,1,'2025-03-14 08:37:39.665429','student','',NULL,''),(52,'pbkdf2_sha256$600000$7dAI7dAjtmQZBOzNPhrafN$FHPh9yGLIZhFqwIy8+az99FYbuHZrLZSpV9KEYxwVG4=',NULL,0,'Sultan_Elmutairi','','','sultanelmutairi55@gmail.com',0,1,'2025-03-14 08:44:39.674297','student','Sultan Elmutairi',NULL,''),(53,'pbkdf2_sha256$600000$CqFDb2aSOiJgd3qa9cHGkw$Stg1s+O/+gOpZILrRLYBUEn+Dop1GESnvf5Oscbse54=',NULL,0,'taif64','','','taif65663@gmail.com',0,1,'2025-03-14 08:46:49.037073','student','Taif64',NULL,''),(54,'pbkdf2_sha256$600000$Ci5kLeQcTsrcbRwJjLz5rO$zlwOmm9vvy5KLZ60zoc0lG6hWwrMeGEcBA0d0UwTM/M=','2025-03-14 19:58:32.690745',0,'rawan_ali','','','rewanmohammd60@gmail.com',1,1,'2025-03-14 18:49:24.951636','teacher','rawan aly','01012644177','');
/*!40000 ALTER TABLE `accounts_user` ENABLE KEYS */;
UNLOCK TABLES;

--
-- Table structure for table `accounts_user_groups`
--

DROP TABLE IF EXISTS `accounts_user_groups`;
/*!40101 SET @saved_cs_client     = @@character_set_client */;
/*!50503 SET character_set_client = utf8mb4 */;
CREATE TABLE `accounts_user_groups` (
  `id` bigint NOT NULL AUTO_INCREMENT,
  `user_id` bigint NOT NULL,
  `group_id` int NOT NULL,
  PRIMARY KEY (`id`),
  UNIQUE KEY `accounts_user_groups_user_id_group_id_59c0b32f_uniq` (`user_id`,`group_id`),
  KEY `accounts_user_groups_group_id_bd11a704_fk_auth_group_id` (`group_id`),
  CONSTRAINT `accounts_user_groups_group_id_bd11a704_fk_auth_group_id` FOREIGN KEY (`group_id`) REFERENCES `auth_group` (`id`),
  CONSTRAINT `accounts_user_groups_user_id_52b62117_fk_accounts_user_id` FOREIGN KEY (`user_id`) REFERENCES `accounts_user` (`id`)
) ENGINE=InnoDB AUTO_INCREMENT=32 DEFAULT CHARSET=utf8mb4 COLLATE=utf8mb4_0900_ai_ci;
/*!40101 SET character_set_client = @saved_cs_client */;

--
-- Dumping data for table `accounts_user_groups`
--

LOCK TABLES `accounts_user_groups` WRITE;
/*!40000 ALTER TABLE `accounts_user_groups` DISABLE KEYS */;
INSERT INTO `accounts_user_groups` VALUES (3,6,1),(2,7,1),(9,9,1),(4,10,1),(6,12,1),(8,13,1),(11,15,1),(20,24,2),(16,32,2),(14,34,2),(15,35,2),(17,36,2),(18,37,2),(19,38,2),(22,41,2),(12,44,1),(25,45,1),(26,46,1),(27,47,1),(28,47,2),(29,52,2),(30,53,2),(31,54,1);
/*!40000 ALTER TABLE `accounts_user_groups` ENABLE KEYS */;
UNLOCK TABLES;

--
-- Table structure for table `accounts_user_user_permissions`
--

DROP TABLE IF EXISTS `accounts_user_user_permissions`;
/*!40101 SET @saved_cs_client     = @@character_set_client */;
/*!50503 SET character_set_client = utf8mb4 */;
CREATE TABLE `accounts_user_user_permissions` (
  `id` bigint NOT NULL AUTO_INCREMENT,
  `user_id` bigint NOT NULL,
  `permission_id` int NOT NULL,
  PRIMARY KEY (`id`),
  UNIQUE KEY `accounts_user_user_permi_user_id_permission_id_2ab516c2_uniq` (`user_id`,`permission_id`),
  KEY `accounts_user_user_p_permission_id_113bb443_fk_auth_perm` (`permission_id`),
  CONSTRAINT `accounts_user_user_p_permission_id_113bb443_fk_auth_perm` FOREIGN KEY (`permission_id`) REFERENCES `auth_permission` (`id`),
  CONSTRAINT `accounts_user_user_p_user_id_e4f0a161_fk_accounts_` FOREIGN KEY (`user_id`) REFERENCES `accounts_user` (`id`)
) ENGINE=InnoDB AUTO_INCREMENT=11 DEFAULT CHARSET=utf8mb4 COLLATE=utf8mb4_0900_ai_ci;
/*!40101 SET character_set_client = @saved_cs_client */;

--
-- Dumping data for table `accounts_user_user_permissions`
--

LOCK TABLES `accounts_user_user_permissions` WRITE;
/*!40000 ALTER TABLE `accounts_user_user_permissions` DISABLE KEYS */;
/*!40000 ALTER TABLE `accounts_user_user_permissions` ENABLE KEYS */;
UNLOCK TABLES;

--
-- Table structure for table `admin_interface_theme`
--

DROP TABLE IF EXISTS `admin_interface_theme`;
/*!40101 SET @saved_cs_client     = @@character_set_client */;
/*!50503 SET character_set_client = utf8mb4 */;
CREATE TABLE `admin_interface_theme` (
  `id` int NOT NULL AUTO_INCREMENT,
  `name` varchar(50) NOT NULL,
  `active` tinyint(1) NOT NULL,
  `title` varchar(50) NOT NULL,
  `title_visible` tinyint(1) NOT NULL,
  `logo` varchar(100) NOT NULL,
  `logo_visible` tinyint(1) NOT NULL,
  `css_header_background_color` varchar(10) NOT NULL,
  `title_color` varchar(10) NOT NULL,
  `css_header_text_color` varchar(10) NOT NULL,
  `css_header_link_color` varchar(10) NOT NULL,
  `css_header_link_hover_color` varchar(10) NOT NULL,
  `css_module_background_color` varchar(10) NOT NULL,
  `css_module_text_color` varchar(10) NOT NULL,
  `css_module_link_color` varchar(10) NOT NULL,
  `css_module_link_hover_color` varchar(10) NOT NULL,
  `css_module_rounded_corners` tinyint(1) NOT NULL,
  `css_generic_link_color` varchar(10) NOT NULL,
  `css_generic_link_hover_color` varchar(10) NOT NULL,
  `css_save_button_background_color` varchar(10) NOT NULL,
  `css_save_button_background_hover_color` varchar(10) NOT NULL,
  `css_save_button_text_color` varchar(10) NOT NULL,
  `css_delete_button_background_color` varchar(10) NOT NULL,
  `css_delete_button_background_hover_color` varchar(10) NOT NULL,
  `css_delete_button_text_color` varchar(10) NOT NULL,
  `list_filter_dropdown` tinyint(1) NOT NULL,
  `related_modal_active` tinyint(1) NOT NULL,
  `related_modal_background_color` varchar(10) NOT NULL,
  `related_modal_rounded_corners` tinyint(1) NOT NULL,
  `logo_color` varchar(10) NOT NULL,
  `recent_actions_visible` tinyint(1) NOT NULL,
  `favicon` varchar(100) NOT NULL,
  `related_modal_background_opacity` varchar(5) NOT NULL,
  `env_name` varchar(50) NOT NULL,
  `env_visible_in_header` tinyint(1) NOT NULL,
  `env_color` varchar(10) NOT NULL,
  `env_visible_in_favicon` tinyint(1) NOT NULL,
  `related_modal_close_button_visible` tinyint(1) NOT NULL,
  `language_chooser_active` tinyint(1) NOT NULL,
  `language_chooser_display` varchar(10) NOT NULL,
  `list_filter_sticky` tinyint(1) NOT NULL,
  `form_pagination_sticky` tinyint(1) NOT NULL,
  `form_submit_sticky` tinyint(1) NOT NULL,
  `css_module_background_selected_color` varchar(10) NOT NULL,
  `css_module_link_selected_color` varchar(10) NOT NULL,
  `logo_max_height` smallint unsigned NOT NULL,
  `logo_max_width` smallint unsigned NOT NULL,
  `foldable_apps` tinyint(1) NOT NULL,
  `language_chooser_control` varchar(20) NOT NULL,
  `list_filter_highlight` tinyint(1) NOT NULL,
  `list_filter_removal_links` tinyint(1) NOT NULL,
  `show_fieldsets_as_tabs` tinyint(1) NOT NULL,
  `show_inlines_as_tabs` tinyint(1) NOT NULL,
  `css_generic_link_active_color` varchar(10) NOT NULL,
  `collapsible_stacked_inlines` tinyint(1) NOT NULL,
  `collapsible_stacked_inlines_collapsed` tinyint(1) NOT NULL,
  `collapsible_tabular_inlines` tinyint(1) NOT NULL,
  `collapsible_tabular_inlines_collapsed` tinyint(1) NOT NULL,
  PRIMARY KEY (`id`),
  UNIQUE KEY `admin_interface_theme_name_30bda70f_uniq` (`name`),
  CONSTRAINT `admin_interface_theme_chk_1` CHECK ((`logo_max_height` >= 0)),
  CONSTRAINT `admin_interface_theme_chk_2` CHECK ((`logo_max_width` >= 0))
) ENGINE=InnoDB AUTO_INCREMENT=3 DEFAULT CHARSET=utf8mb4 COLLATE=utf8mb4_0900_ai_ci;
/*!40101 SET character_set_client = @saved_cs_client */;

--
-- Dumping data for table `admin_interface_theme`
--

LOCK TABLES `admin_interface_theme` WRITE;
/*!40000 ALTER TABLE `admin_interface_theme` DISABLE KEYS */;
INSERT INTO `admin_interface_theme` VALUES (1,'nabbiuwny',1,'nabbiuwny',0,'admin-interface/logo/l_E6NOfds.png',1,'#21A39C','#F5DD5D','#44B78B','#FFFFFF','#C9F0DD','#53D6D2','#FFFFFF','#FFFFFF','#C9F0DD',1,'#0C3C26','#156641','#267682','#0C3C26','#FFFFFF','#BA2121','#A41515','#FFFFFF',1,0,'#000000',1,'#FFFFFF',1,'admin-interface/favicon/l2_ktowFRC.png','0.3','nabbiuwny',0,'#E74C3C',0,1,1,'code',1,1,1,'#FFFFCC','#FFFFFF',50,200,1,'default-select',1,1,1,1,'#29B864',0,1,0,1);
/*!40000 ALTER TABLE `admin_interface_theme` ENABLE KEYS */;
UNLOCK TABLES;

--
-- Table structure for table `auth_group`
--

DROP TABLE IF EXISTS `auth_group`;
/*!40101 SET @saved_cs_client     = @@character_set_client */;
/*!50503 SET character_set_client = utf8mb4 */;
CREATE TABLE `auth_group` (
  `id` int NOT NULL AUTO_INCREMENT,
  `name` varchar(150) NOT NULL,
  PRIMARY KEY (`id`),
  UNIQUE KEY `name` (`name`)
) ENGINE=InnoDB AUTO_INCREMENT=3 DEFAULT CHARSET=utf8mb4 COLLATE=utf8mb4_0900_ai_ci;
/*!40101 SET character_set_client = @saved_cs_client */;

--
-- Dumping data for table `auth_group`
--

LOCK TABLES `auth_group` WRITE;
/*!40000 ALTER TABLE `auth_group` DISABLE KEYS */;
INSERT INTO `auth_group` VALUES (2,'Student'),(1,'Teacher');
/*!40000 ALTER TABLE `auth_group` ENABLE KEYS */;
UNLOCK TABLES;

--
-- Table structure for table `auth_group_permissions`
--

DROP TABLE IF EXISTS `auth_group_permissions`;
/*!40101 SET @saved_cs_client     = @@character_set_client */;
/*!50503 SET character_set_client = utf8mb4 */;
CREATE TABLE `auth_group_permissions` (
  `id` bigint NOT NULL AUTO_INCREMENT,
  `group_id` int NOT NULL,
  `permission_id` int NOT NULL,
  PRIMARY KEY (`id`),
  UNIQUE KEY `auth_group_permissions_group_id_permission_id_0cd325b0_uniq` (`group_id`,`permission_id`),
  KEY `auth_group_permissio_permission_id_84c5c92e_fk_auth_perm` (`permission_id`),
  CONSTRAINT `auth_group_permissio_permission_id_84c5c92e_fk_auth_perm` FOREIGN KEY (`permission_id`) REFERENCES `auth_permission` (`id`),
  CONSTRAINT `auth_group_permissions_group_id_b120cbf9_fk_auth_group_id` FOREIGN KEY (`group_id`) REFERENCES `auth_group` (`id`)
) ENGINE=InnoDB AUTO_INCREMENT=20 DEFAULT CHARSET=utf8mb4 COLLATE=utf8mb4_0900_ai_ci;
/*!40101 SET character_set_client = @saved_cs_client */;

--
-- Dumping data for table `auth_group_permissions`
--

LOCK TABLES `auth_group_permissions` WRITE;
/*!40000 ALTER TABLE `auth_group_permissions` DISABLE KEYS */;
INSERT INTO `auth_group_permissions` VALUES (1,1,81),(2,1,82),(3,1,83),(4,1,84),(5,1,85),(6,1,86),(7,1,87),(8,1,88),(19,2,28),(11,2,44),(14,2,52),(17,2,56),(9,2,69),(10,2,72),(12,2,76),(13,2,80),(15,2,84),(16,2,85),(18,2,88);
/*!40000 ALTER TABLE `auth_group_permissions` ENABLE KEYS */;
UNLOCK TABLES;

--
-- Table structure for table `auth_permission`
--

DROP TABLE IF EXISTS `auth_permission`;
/*!40101 SET @saved_cs_client     = @@character_set_client */;
/*!50503 SET character_set_client = utf8mb4 */;
CREATE TABLE `auth_permission` (
  `id` int NOT NULL AUTO_INCREMENT,
  `name` varchar(255) NOT NULL,
  `content_type_id` int NOT NULL,
  `codename` varchar(100) NOT NULL,
  PRIMARY KEY (`id`),
  UNIQUE KEY `auth_permission_content_type_id_codename_01ab375a_uniq` (`content_type_id`,`codename`),
  CONSTRAINT `auth_permission_content_type_id_2f476e4b_fk_django_co` FOREIGN KEY (`content_type_id`) REFERENCES `django_content_type` (`id`)
) ENGINE=InnoDB AUTO_INCREMENT=265 DEFAULT CHARSET=utf8mb4 COLLATE=utf8mb4_0900_ai_ci;
/*!40101 SET character_set_client = @saved_cs_client */;

--
-- Dumping data for table `auth_permission`
--

LOCK TABLES `auth_permission` WRITE;
/*!40000 ALTER TABLE `auth_permission` DISABLE KEYS */;
INSERT INTO `auth_permission` VALUES (25,'Can add user',7,'add_user'),(26,'Can change user',7,'change_user'),(27,'Can delete user',7,'delete_user'),(28,'Can view user',7,'view_user'),(33,'Can add teacher info',9,'add_teacherinfo'),(34,'Can change teacher info',9,'change_teacherinfo'),(35,'Can delete teacher info',9,'delete_teacherinfo'),(36,'Can view teacher info',9,'view_teacherinfo'),(41,'Can add company info',11,'add_companyinfo'),(42,'Can change company info',11,'change_companyinfo'),(43,'Can delete company info',11,'delete_companyinfo'),(44,'Can view company info',11,'view_companyinfo'),(45,'Can add level',13,'add_level'),(46,'Can change level',13,'change_level'),(47,'Can delete level',13,'delete_level'),(48,'Can view level',13,'view_level'),(49,'Can add track',14,'add_track'),(50,'Can change track',14,'change_track'),(51,'Can delete track',14,'delete_track'),(52,'Can view track',14,'view_track'),(53,'Can add course',15,'add_course'),(54,'Can change course',15,'change_course'),(55,'Can delete course',15,'delete_course'),(56,'Can view course',15,'view_course'),(69,'Can add study group',19,'add_studygroup'),(70,'Can change study group',19,'change_studygroup'),(71,'Can delete study group',19,'delete_studygroup'),(72,'Can view study group',19,'view_studygroup'),(73,'Can add group time',20,'add_grouptime'),(74,'Can change group time',20,'change_grouptime'),(75,'Can delete group time',20,'delete_grouptime'),(76,'Can view group time',20,'view_grouptime'),(77,'Can add join request',21,'add_joinrequest'),(78,'Can change join request',21,'change_joinrequest'),(79,'Can delete join request',21,'delete_joinrequest'),(80,'Can view join request',21,'view_joinrequest'),(81,'Can add lecture',22,'add_lecture'),(82,'Can change lecture',22,'change_lecture'),(83,'Can delete lecture',22,'delete_lecture'),(84,'Can view lecture',22,'view_lecture'),(85,'Can add lecture file',23,'add_lecturefile'),(86,'Can change lecture file',23,'change_lecturefile'),(87,'Can delete lecture file',23,'delete_lecturefile'),(88,'Can view lecture file',23,'view_lecturefile');
/*!40000 ALTER TABLE `auth_permission` ENABLE KEYS */;
UNLOCK TABLES;

--
-- Table structure for table `courses_course`
--

DROP TABLE IF EXISTS `courses_course`;
/*!40101 SET @saved_cs_client     = @@character_set_client */;
/*!50503 SET character_set_client = utf8mb4 */;
CREATE TABLE `courses_course` (
  `id` bigint NOT NULL AUTO_INCREMENT,
  `name` varchar(200) NOT NULL,
  `description` longtext NOT NULL,
  `image` varchar(100) NOT NULL,
  `preview_video` varchar(50) DEFAULT NULL,
  `level_id` bigint NOT NULL,
  `track_id` bigint DEFAULT NULL,
  PRIMARY KEY (`id`),
  KEY `courses_course_level_id_be3d7088_fk_courses_level_id` (`level_id`),
  KEY `courses_course_track_id_d208d09c_fk_courses_track_id` (`track_id`),
  CONSTRAINT `courses_course_level_id_be3d7088_fk_courses_level_id` FOREIGN KEY (`level_id`) REFERENCES `courses_level` (`id`),
  CONSTRAINT `courses_course_track_id_d208d09c_fk_courses_track_id` FOREIGN KEY (`track_id`) REFERENCES `courses_track` (`id`)
) ENGINE=InnoDB AUTO_INCREMENT=104 DEFAULT CHARSET=utf8mb4 COLLATE=utf8mb4_0900_ai_ci;
/*!40101 SET character_set_client = @saved_cs_client */;

--
-- Dumping data for table `courses_course`
--

LOCK TABLES `courses_course` WRITE;
/*!40000 ALTER TABLE `courses_course` DISABLE KEYS */;
INSERT INTO `courses_course` VALUES (2,'arabic','\"Welcome to our Arabic Language Learning Journey!\r\n\r\nJoin us in our Arabic language group, where we\'ll explore the beauty of the Arabic language and learn how to speak and write with confidence.\r\n\r\nIn this group, we\'ll offer:\r\n\r\nInteractive and engaging lessons for all age groups.\r\nCustomized educational programs to achieve each student\'s goals.\r\nPractical activities and applications to enhance language skills.\r\nSupport and encouragement from teachers and participants.\r\n\r\nJoin us now, and be part of our Arabic language learning journey!\r\n\r\nGroup Features:\r\n\r\nQualified and experienced teachers.\r\nLessons tailored for all age groups.\r\nPractical activities and applications.\r\nSupport and encouragement from members.\r\n\r\nWhat are you waiting for? Join now','courses/1000197159.jpg',NULL,5,15),(3,'English','Improve your English with nabbiuwny','defaults/default.jpg',NULL,3,5),(4,'English','Improve your English with nabbiuwny','defaults/default.jpg',NULL,5,4),(5,'English','Improve your English with nabbiuwny','defaults/default.jpg',NULL,3,6),(6,'English','Improve your English with nabbiuwny','defaults/default.jpg',NULL,3,12),(7,'English','Improve your English with nabbiuwny','defaults/default.jpg',NULL,3,16),(8,'English','Improve your English with nabbiuwny','defaults/default.jpg',NULL,3,13),(9,'English','Improve your English with nabbiuwny','defaults/default.jpg',NULL,3,14),(10,'arabic','Learn the Arabic language smoothly, grammar, rhetoric and correct pronunciation, and enjoy with the experts of the nabbiuwny platform .','defaults/default.jpg',NULL,3,16),(11,'Math','\"Welcome to the world of mathematics!\r\n\r\nMathematics is not just numbers and calculations, it\'s a language of understanding and exploration. It\'s a powerful tool that helps us make sense of the world around us, from the movement of planets to the behavior of molecules.\r\n\r\nIn this lesson, we\'ll explore exciting mathematical concepts together, and apply them to real-world challenges. We\'ll use logic and critical thinking to analyze problems, and find creative solutions.\r\n\r\nJoin us on a thrilling mathematical journey, where we\'ll discover together how math can change the way we think and enhance our understanding of the world.\r\n\r\nWhat are you waiting for? Join us now!\"','defaults/default.jpg',NULL,3,16),(12,'Islamic education','Welcome to our Islamic Education Learning Journey!\r\n\r\nJoin us in our Islamic Education groups, where we\'ll explore Islamic values and morals and learn how to apply them in our daily lives.\r\n\r\nIn this group, we\'ll offer:\r\n\r\nInteractive and engaging lessons in Islamic Creed, Morals, and Jurisprudence.\r\nPractical activities and applications to enhance Islamic understanding.\r\nOpportunities to interact with group members and share ideas.\r\nSupport and encouragement from teachers and participants.\r\n\r\nJoin us now, and be part of our Islamic Education learning journey!\r\n\r\nGroup Features:\r\n\r\nQualified and experienced teachers.\r\nLessons tailored for all age groups.\r\nPractical activities and applications.\r\nSupport and encouragement from members.\r\n\r\nWhat are you waiting for? Join us now!','defaults/default.jpg',NULL,3,16),(13,'arabic','\"Welcome to our Arabic Language Learning Journey!\r\n\r\nJoin us in our Arabic language group, where we\'ll explore the beauty of the Arabic language and learn how to speak and write with confidence.\r\n\r\nIn this group, we\'ll offer:\r\n\r\nInteractive and engaging lessons for all age groups.\r\nCustomized educational programs to achieve each student\'s goals.\r\nPractical activities and applications to enhance language skills.\r\nSupport and encouragement from teachers and participants.\r\n\r\nJoin us now, and be part of our Arabic language learning journey!\r\n\r\nGroup Features:\r\n\r\nQualified and experienced teachers.\r\nLessons tailored for all age groups.\r\nPractical activities and applications.\r\nSupport and encouragement from members.\r\n\r\nWhat are you waiting for? Join us now!','defaults/default.jpg',NULL,3,5),(15,'Math','\"Welcome to the world of mathematics!\r\n\r\nMathematics is not just numbers and calculations, it\'s a language of understanding and exploration. It\'s a powerful tool that helps us make sense of the world around us, from the movement of planets to the behavior of molecules.\r\n\r\nIn this lesson, we\'ll explore exciting mathematical concepts together, and apply them to real-world challenges. We\'ll use logic and critical thinking to analyze problems, and find creative solutions.\r\n\r\nJoin us on a thrilling mathematical journey, where we\'ll discover together how math can change the way we think and enhance our understanding of the world.\r\n\r\nWhat are you waiting for? Join us now!\"','defaults/default.jpg',NULL,3,5),(16,'Islamic education','\"Welcome to our Islamic Education Learning Journey!\r\n\r\nJoin us in our Islamic Education groups, where we\'ll explore Islamic values and morals and learn how to apply them in our daily lives.\r\n\r\nIn this group, we\'ll offer:\r\n\r\nInteractive and engaging lessons in Islamic Creed, Morals, and Jurisprudence.\r\nPractical activities and applications to enhance Islamic understanding.\r\nOpportunities to interact with group members and share ideas.\r\nSupport and encouragement from teachers and participants.\r\n\r\nJoin us now, and be part of our Islamic Education learning journey!\r\n\r\nGroup Features:\r\n\r\nQualified and experienced teachers.\r\nLessons tailored for all age groups.\r\nPractical activities and applications.\r\nSupport and encouragement from members.\r\n\r\nWhat are you waiting for? Join us now!','defaults/default.jpg',NULL,3,5),(17,'Math','\"Welcome to the world of mathematics!\r\n\r\nMathematics is not just numbers and calculations, it\'s a language of understanding and exploration. It\'s a powerful tool that helps us make sense of the world around us, from the movement of planets to the behavior of molecules.\r\n\r\nIn this lesson, we\'ll explore exciting mathematical concepts together, and apply them to real-world challenges. We\'ll use logic and critical thinking to analyze problems, and find creative solutions.\r\n\r\nJoin us on a thrilling mathematical journey, where we\'ll discover together how math can change the way we think and enhance our understanding of the world.\r\n\r\nWhat are you waiting for? Join us now!\"','defaults/default.jpg',NULL,3,6),(18,'Islamic education','\"Welcome to our Islamic Education Learning Journey!\r\n\r\nJoin us in our Islamic Education groups, where we\'ll explore Islamic values and morals and learn how to apply them in our daily lives.\r\n\r\nIn this group, we\'ll offer:\r\n\r\nInteractive and engaging lessons in Islamic Creed, Morals, and Jurisprudence.\r\nPractical activities and applications to enhance Islamic understanding.\r\nOpportunities to interact with group members and share ideas.\r\nSupport and encouragement from teachers and participants.\r\n\r\nJoin us now, and be part of our Islamic Education learning journey!\r\n\r\nGroup Features:\r\n\r\nQualified and experienced teachers.\r\nLessons tailored for all age groups.\r\nPractical activities and applications.\r\nSupport and encouragement from members.\r\n\r\nWhat are you waiting for? Join us now!','defaults/default.jpg',NULL,3,6),(19,'Arabic','\"Welcome to our Arabic Language Learning Journey!\r\n\r\nJoin us in our Arabic language group, where we\'ll explore the beauty of the Arabic language and learn how to speak and write with confidence.\r\n\r\nIn this group, we\'ll offer:\r\n\r\nInteractive and engaging lessons for all age groups.\r\nCustomized educational programs to achieve each student\'s goals.\r\nPractical activities and applications to enhance language skills.\r\nSupport and encouragement from teachers and participants.\r\n\r\nJoin us now, and be part of our Arabic language learning journey!\r\n\r\nGroup Features:\r\n\r\nQualified and experienced teachers.\r\nLessons tailored for all age groups.\r\nPractical activities and applications.\r\nSupport and encouragement from members.\r\n\r\nWhat are you waiting for? Join us now!','defaults/default.jpg',NULL,3,6),(20,'Math','\"Welcome to the world of mathematics!\r\n\r\nMathematics is not just numbers and calculations, it\'s a language of understanding and exploration. It\'s a powerful tool that helps us make sense of the world around us, from the movement of planets to the behavior of molecules.\r\n\r\nIn this lesson, we\'ll explore exciting mathematical concepts together, and apply them to real-world challenges. We\'ll use logic and critical thinking to analyze problems, and find creative solutions.\r\n\r\nJoin us on a thrilling mathematical journey, where we\'ll discover together how math can change the way we think and enhance our understanding of the world.\r\n\r\nWhat are you waiting for? Join us now!\"','defaults/default.jpg',NULL,3,12),(21,'Arabic','\"Welcome to our Arabic Language Learning Journey!\r\n\r\nJoin us in our Arabic language group, where we\'ll explore the beauty of the Arabic language and learn how to speak and write with confidence.\r\n\r\nIn this group, we\'ll offer:\r\n\r\nInteractive and engaging lessons for all age groups.\r\nCustomized educational programs to achieve each student\'s goals.\r\nPractical activities and applications to enhance language skills.\r\nSupport and encouragement from teachers and participants.\r\n\r\nJoin us now, and be part of our Arabic language learning journey!\r\n\r\nGroup Features:\r\n\r\nQualified and experienced teachers.\r\nLessons tailored for all age groups.\r\nPractical activities and applications.\r\nSupport and encouragement from members.\r\n\r\nWhat are you waiting for? Join us now!','defaults/default.jpg',NULL,3,12),(22,'Islamic education','\"Welcome to our Islamic Education Learning Journey!\r\n\r\nJoin us in our Islamic Education groups, where we\'ll explore Islamic values and morals and learn how to apply them in our daily lives.\r\n\r\nIn this group, we\'ll offer:\r\n\r\nInteractive and engaging lessons in Islamic Creed, Morals, and Jurisprudence.\r\nPractical activities and applications to enhance Islamic understanding.\r\nOpportunities to interact with group members and share ideas.\r\nSupport and encouragement from teachers and participants.\r\n\r\nJoin us now, and be part of our Islamic Education learning journey!\r\n\r\nGroup Features:\r\n\r\nQualified and experienced teachers.\r\nLessons tailored for all age groups.\r\nPractical activities and applications.\r\nSupport and encouragement from members.\r\n\r\nWhat are you waiting for? Join us now!','defaults/default.jpg',NULL,3,12),(23,'Social studies','\"Welcome to our Science Exploration Journey!\r\n\r\nJoin us in our Science groups, where we\'ll explore the secrets of the universe and nature. We\'ll learn how to think scientifically, research, and discover.\r\n\r\nIn this group, we\'ll offer:\r\n\r\nInteractive and engaging lessons in Physics, Chemistry, and Biology.\r\nHands-on activities and experiments to enhance scientific understanding.\r\nSupport and encouragement from teachers and participants.\r\nOpportunity to collaborate and learn with peers of different ages.\r\n\r\nBook your spot now, and be part of our Science exploration journey!\r\n\r\nGroup Features:\r\n\r\nQualified and experienced teachers.\r\nLessons tailored for all age groups.\r\nHands-on activities and experiments.\r\nSupport and encouragement from members.\r\n\r\nWhat are you waiting for? Book your spot now!','defaults/default.jpg',NULL,3,12),(24,'science','\"Welcome to our Science Exploration Journey!\r\n\r\nJoin us in our Science groups, where we\'ll explore the secrets of the universe and nature. We\'ll learn how to think scientifically, research, and discover.\r\n\r\nIn this group, we\'ll offer:\r\n\r\nInteractive and engaging lessons in Physics, Chemistry, and Biology.\r\nHands-on activities and experiments to enhance scientific understanding.\r\nSupport and encouragement from teachers and participants.\r\nOpportunity to collaborate and learn with peers of different ages.\r\n\r\nBook your spot now, and be part of our Science exploration journey!\r\n\r\nGroup Features:\r\n\r\nQualified and experienced teachers.\r\nLessons tailored for all age groups.\r\nHands-on activities and experiments.\r\nSupport and encouragement from members.\r\n\r\nWhat are you waiting for? Book your spot now!','defaults/default.jpg',NULL,3,12),(25,'Social studies','\"Welcome to our Social Studies Exploration Journey!\r\n\r\nJoin us in our Social Studies group, where we\'ll explore the relationships between individuals and societies, and understand how identities and cultures are shaped.\r\n\r\nIn this group, we\'ll offer:\r\n\r\nInteractive and engaging lessons on social studies topics.\r\nPractical activities and applications to enhance social understanding.\r\nOpportunities to interact with group members and share ideas.\r\nSupport and encouragement from teachers and participants.\r\n\r\nJoin us now, and be part of our social studies exploration journey!\r\n\r\nGroup Features:\r\n\r\nQualified and experienced teachers.\r\nLessons tailored for all age groups.\r\nPractical activities and applications.\r\nSupport and encouragement from members.\r\n\r\nWhat are you waiting for? Join us now!','defaults/default.jpg',NULL,3,13),(26,'Social studies','\"Welcome to our Social Studies Exploration Journey!\r\n\r\nJoin us in our Social Studies group, where we\'ll explore the relationships between individuals and societies, and understand how identities and cultures are shaped.\r\n\r\nIn this group, we\'ll offer:\r\n\r\nInteractive and engaging lessons on social studies topics.\r\nPractical activities and applications to enhance social understanding.\r\nOpportunities to interact with group members and share ideas.\r\nSupport and encouragement from teachers and participants.\r\n\r\nJoin us now, and be part of our social studies exploration journey!\r\n\r\nGroup Features:\r\n\r\nQualified and experienced teachers.\r\nLessons tailored for all age groups.\r\nPractical activities and applications.\r\nSupport and encouragement from members.\r\n\r\nWhat are you waiting for? Join us now!','defaults/default.jpg',NULL,3,14),(27,'Social studies','\"Welcome to our Social Studies Exploration Journey!\r\n\r\nJoin us in our Social Studies group, where we\'ll explore the relationships between individuals and societies, and understand how identities and cultures are shaped.\r\n\r\nIn this group, we\'ll offer:\r\n\r\nInteractive and engaging lessons on social studies topics.\r\nPractical activities and applications to enhance social understanding.\r\nOpportunities to interact with group members and share ideas.\r\nSupport and encouragement from teachers and participants.\r\n\r\nJoin us now, and be part of our social studies exploration journey!\r\n\r\nGroup Features:\r\n\r\nQualified and experienced teachers.\r\nLessons tailored for all age groups.\r\nPractical activities and applications.\r\nSupport and encouragement from members.\r\n\r\nWhat are you waiting for? Join us now!','defaults/default.jpg',NULL,5,8),(28,'Social studies','\"Welcome to our Social Studies Exploration Journey!\r\n\r\nJoin us in our Social Studies group, where we\'ll explore the relationships between individuals and societies, and understand how identities and cultures are shaped.\r\n\r\nIn this group, we\'ll offer:\r\n\r\nInteractive and engaging lessons on social studies topics.\r\nPractical activities and applications to enhance social understanding.\r\nOpportunities to interact with group members and share ideas.\r\nSupport and encouragement from teachers and participants.\r\n\r\nJoin us now, and be part of our social studies exploration journey!\r\n\r\nGroup Features:\r\n\r\nQualified and experienced teachers.\r\nLessons tailored for all age groups.\r\nPractical activities and applications.\r\nSupport and encouragement from members.\r\n\r\nWhat are you waiting for? Join us now!','defaults/default.jpg',NULL,5,15),(29,'Arabic','\"Welcome to our Arabic Language Learning Journey!\r\n\r\nJoin us in our Arabic language group, where we\'ll explore the beauty of the Arabic language and learn how to speak and write with confidence.\r\n\r\nIn this group, we\'ll offer:\r\n\r\nInteractive and engaging lessons for all age groups.\r\nCustomized educational programs to achieve each student\'s goals.\r\nPractical activities and applications to enhance language skills.\r\nSupport and encouragement from teachers and participants.\r\n\r\nJoin us now, and be part of our Arabic language learning journey!\r\n\r\nGroup Features:\r\n\r\nQualified and experienced teachers.\r\nLessons tailored for all age groups.\r\nPractical activities and applications.\r\nSupport and encouragement from members.\r\n\r\nWhat are you waiting for? Join us now!','defaults/default.jpg',NULL,3,13),(30,'science','Welcome to our Science Exploration Journey!\r\n\r\nJoin us in our Science groups, where we\'ll explore the secrets of the universe and nature. We\'ll learn how to think scientifically, research, and discover.\r\n\r\nIn this group, we\'ll offer:\r\n\r\nInteractive and engaging lessons in Physics, Chemistry, and Biology.\r\nHands-on activities and experiments to enhance scientific understanding.\r\nSupport and encouragement from teachers and participants.\r\nOpportunity to collaborate and learn with peers of different ages.\r\n\r\nBook your spot now, and be part of our Science exploration journey!\r\n\r\nGroup Features:\r\n\r\nQualified and experienced teachers.\r\nLessons tailored for all age groups.\r\nHands-on activities and experiments.\r\nSupport and encouragement from members.\r\n\r\nWhat are you waiting for? Book your spot now!','defaults/default.jpg',NULL,3,13),(31,'Math','\"Welcome to the world of mathematics!\r\n\r\nMathematics is not just numbers and calculations, it\'s a language of understanding and exploration. It\'s a powerful tool that helps us make sense of the world around us, from the movement of planets to the behavior of molecules.\r\n\r\nIn this lesson, we\'ll explore exciting mathematical concepts together, and apply them to real-world challenges. We\'ll use logic and critical thinking to analyze problems, and find creative solutions.\r\n\r\nJoin us on a thrilling mathematical journey, where we\'ll discover together how math can change the way we think and enhance our understanding of the world.\r\n\r\nWhat are you waiting for? Join us now!\"','defaults/default.jpg',NULL,3,13),(32,'Islamic education','Welcome to our Islamic Education Learning Journey!\r\n\r\nJoin us in our Islamic Education groups, where we\'ll explore Islamic values and morals and learn how to apply them in our daily lives.\r\n\r\nIn this group, we\'ll offer:\r\n\r\nInteractive and engaging lessons in Islamic Creed, Morals, and Jurisprudence.\r\nPractical activities and applications to enhance Islamic understanding.\r\nOpportunities to interact with group members and share ideas.\r\nSupport and encouragement from teachers and participants.\r\n\r\nJoin us now, and be part of our Islamic Education learning journey!\r\n\r\nGroup Features:\r\n\r\nQualified and experienced teachers.\r\nLessons tailored for all age groups.\r\nPractical activities and applications.\r\nSupport and encouragement from members.\r\n\r\nWhat are you waiting for? Join us now!','defaults/default.jpg',NULL,3,13),(33,'Islamic education','\"Welcome to our Islamic Education Learning Journey!\r\n\r\nJoin us in our Islamic Education groups, where we\'ll explore Islamic values and morals and learn how to apply them in our daily lives.\r\n\r\nIn this group, we\'ll offer:\r\n\r\nInteractive and engaging lessons in Islamic Creed, Morals, and Jurisprudence.\r\nPractical activities and applications to enhance Islamic understanding.\r\nOpportunities to interact with group members and share ideas.\r\nSupport and encouragement from teachers and participants.\r\n\r\nJoin us now, and be part of our Islamic Education learning journey!\r\n\r\nGroup Features:\r\n\r\nQualified and experienced teachers.\r\nLessons tailored for all age groups.\r\nPractical activities and applications.\r\nSupport and encouragement from members.\r\n\r\nWhat are you waiting for? Join us now!','defaults/default.jpg',NULL,5,15),(34,'Islamic education','Welcome to our Islamic Education Learning Journey!\r\n\r\nJoin us in our Islamic Education groups, where we\'ll explore Islamic values and morals and learn how to apply them in our daily lives.\r\n\r\nIn this group, we\'ll offer:\r\n\r\nInteractive and engaging lessons in Islamic Creed, Morals, and Jurisprudence.\r\nPractical activities and applications to enhance Islamic understanding.\r\nOpportunities to interact with group members and share ideas.\r\nSupport and encouragement from teachers and participants.\r\n\r\nJoin us now, and be part of our Islamic Education learning journey!\r\n\r\nGroup Features:\r\n\r\nQualified and experienced teachers.\r\nLessons tailored for all age groups.\r\nPractical activities and applications.\r\nSupport and encouragement from members.\r\n\r\nWhat are you waiting for? Join us now!','defaults/default.jpg',NULL,3,12),(35,'Math','\"Welcome to the world of mathematics!\r\n\r\nMathematics is not just numbers and calculations, it\'s a language of understanding and exploration. It\'s a powerful tool that helps us make sense of the world around us, from the movement of planets to the behavior of molecules.\r\n\r\nIn this lesson, we\'ll explore exciting mathematical concepts together, and apply them to real-world challenges. We\'ll use logic and critical thinking to analyze problems, and find creative solutions.\r\n\r\nJoin us on a thrilling mathematical journey, where we\'ll discover together how math can change the way we think and enhance our understanding of the world.\r\n\r\nWhat are you waiting for? Join us now!\"','defaults/default.jpg',NULL,3,14),(36,'Islamic education','\"Welcome to our Islamic Education Learning Journey!\r\n\r\nJoin us in our Islamic Education groups, where we\'ll explore Islamic values and morals and learn how to apply them in our daily lives.\r\n\r\nIn this group, we\'ll offer:\r\n\r\nInteractive and engaging lessons in Islamic Creed, Morals, and Jurisprudence.\r\nPractical activities and applications to enhance Islamic understanding.\r\nOpportunities to interact with group members and share ideas.\r\nSupport and encouragement from teachers and participants.\r\n\r\nJoin us now, and be part of our Islamic Education learning journey!\r\n\r\nGroup Features:\r\n\r\nQualified and experienced teachers.\r\nLessons tailored for all age groups.\r\nPractical activities and applications.\r\nSupport and encouragement from members.\r\n\r\nWhat are you waiting for? Join us now!','defaults/default.jpg',NULL,3,14),(37,'Arabic','\"Welcome to our Arabic Language Learning Journey!\r\n\r\nJoin us in our Arabic language group, where we\'ll explore the beauty of the Arabic language and learn how to speak and write with confidence.\r\n\r\nIn this group, we\'ll offer:\r\n\r\nInteractive and engaging lessons for all age groups.\r\nCustomized educational programs to achieve each student\'s goals.\r\nPractical activities and applications to enhance language skills.\r\nSupport and encouragement from teachers and participants.\r\n\r\nJoin us now, and be part of our Arabic language learning journey!\r\n\r\nGroup Features:\r\n\r\nQualified and experienced teachers.\r\nLessons tailored for all age groups.\r\nPractical activities and applications.\r\nSupport and encouragement from members.\r\n\r\nWhat are you waiting for? Join us now!','defaults/default.jpg',NULL,3,14),(38,'science','\"Welcome to our Science Exploration Journey!\r\n\r\nJoin us in our Science groups, where we\'ll explore the secrets of the universe and nature. We\'ll learn how to think scientifically, research, and discover.\r\n\r\nIn this group, we\'ll offer:\r\n\r\nInteractive and engaging lessons in Physics, Chemistry, and Biology.\r\nHands-on activities and experiments to enhance scientific understanding.\r\nSupport and encouragement from teachers and participants.\r\nOpportunity to collaborate and learn with peers of different ages.\r\n\r\nBook your spot now, and be part of our Science exploration journey!\r\n\r\nGroup Features:\r\n\r\nQualified and experienced teachers.\r\nLessons tailored for all age groups.\r\nHands-on activities and experiments.\r\nSupport and encouragement from members.\r\n\r\nWhat are you waiting for? Book your spot now!','defaults/default.jpg',NULL,5,15),(39,'science','\"Welcome to our Science Exploration Journey!\r\n\r\nJoin us in our Science groups, where we\'ll explore the secrets of the universe and nature. We\'ll learn how to think scientifically, research, and discover.\r\n\r\nIn this group, we\'ll offer:\r\n\r\nInteractive and engaging lessons in Physics, Chemistry, and Biology.\r\nHands-on activities and experiments to enhance scientific understanding.\r\nSupport and encouragement from teachers and participants.\r\nOpportunity to collaborate and learn with peers of different ages.\r\n\r\nBook your spot now, and be part of our Science exploration journey!\r\n\r\nGroup Features:\r\n\r\nQualified and experienced teachers.\r\nLessons tailored for all age groups.\r\nHands-on activities and experiments.\r\nSupport and encouragement from members.\r\n\r\nWhat are you waiting for? Book your spot now!','defaults/default.jpg',NULL,3,14),(40,'Math','\"Welcome to the world of mathematics!\r\n\r\nMathematics is not just numbers and calculations, it\'s a language of understanding and exploration. It\'s a powerful tool that helps us make sense of the world around us, from the movement of planets to the behavior of molecules.\r\n\r\nIn this lesson, we\'ll explore exciting mathematical concepts together, and apply them to real-world challenges. We\'ll use logic and critical thinking to analyze problems, and find creative solutions.\r\n\r\nJoin us on a thrilling mathematical journey, where we\'ll discover together how math can change the way we think and enhance our understanding of the world.\r\n\r\nWhat are you waiting for? Join us now!\"','defaults/default.jpg',NULL,5,15),(41,'English','\"Welcome to our English Language Learning Journey!\r\n\r\nJoin us in our English language groups, where we\'ll explore the beauty of the English language and learn how to speak and write with confidence.\r\n\r\nIn this group, we\'ll offer:\r\n\r\nInteractive and engaging lessons in grammar, vocabulary, and pronunciation.\r\nPractical activities and applications to enhance language skills.\r\nOpportunities to interact with group members and share ideas.\r\nSupport and encouragement from teachers and participants.\r\n\r\nJoin us now, and be part of our English language learning journey!\r\n\r\nGroup Features:\r\n\r\nQualified and experienced teachers.\r\nLessons tailored for all age groups.\r\nPractical activities and applications.\r\nSupport and encouragement from members.\r\n\r\nWhat are you waiting for? Join us now!','defaults/default.jpg',NULL,5,15),(42,'Math','\"Welcome to the world of mathematics!\r\n\r\nMathematics is not just numbers and calculations, it\'s a language of understanding and exploration. It\'s a powerful tool that helps us make sense of the world around us, from the movement of planets to the behavior of molecules.\r\n\r\nIn this lesson, we\'ll explore exciting mathematical concepts together, and apply them to real-world challenges. We\'ll use logic and critical thinking to analyze problems, and find creative solutions.\r\n\r\nJoin us on a thrilling mathematical journey, where we\'ll discover together how math can change the way we think and enhance our understanding of the world.\r\n\r\nWhat are you waiting for? Join us now!\"','defaults/default.jpg',NULL,5,4),(43,'Islamic education','\"Welcome to our Islamic Education Learning Journey!\r\n\r\nJoin us in our Islamic Education groups, where we\'ll explore Islamic values and morals and learn how to apply them in our daily lives.\r\n\r\nIn this group, we\'ll offer:\r\n\r\nInteractive and engaging lessons in Islamic Creed, Morals, and Jurisprudence.\r\nPractical activities and applications to enhance Islamic understanding.\r\nOpportunities to interact with group members and share ideas.\r\nSupport and encouragement from teachers and participants.\r\n\r\nJoin us now, and be part of our Islamic Education learning journey!\r\n\r\nGroup Features:\r\n\r\nQualified and experienced teachers.\r\nLessons tailored for all age groups.\r\nPractical activities and applications.\r\nSupport and encouragement from members.\r\n\r\nWhat are you waiting for? Join us now!','defaults/default.jpg',NULL,5,18),(44,'Islamic education','\"Welcome to our Islamic Education Learning Journey!\r\n\r\nJoin us in our Islamic Education groups, where we\'ll explore Islamic values and morals and learn how to apply them in our daily lives.\r\n\r\nIn this group, we\'ll offer:\r\n\r\nInteractive and engaging lessons in Islamic Creed, Morals, and Jurisprudence.\r\nPractical activities and applications to enhance Islamic understanding.\r\nOpportunities to interact with group members and share ideas.\r\nSupport and encouragement from teachers and participants.\r\n\r\nJoin us now, and be part of our Islamic Education learning journey!\r\n\r\nGroup Features:\r\n\r\nQualified and experienced teachers.\r\nLessons tailored for all age groups.\r\nPractical activities and applications.\r\nSupport and encouragement from members.\r\n\r\nWhat are you waiting for? Join us now!','defaults/default.jpg',NULL,5,4),(45,'Arabic','\"Welcome to our Arabic Language Learning Journey!\r\n\r\nJoin us in our Arabic language group, where we\'ll explore the beauty of the Arabic language and learn how to speak and write with confidence.\r\n\r\nIn this group, we\'ll offer:\r\n\r\nInteractive and engaging lessons for all age groups.\r\nCustomized educational programs to achieve each student\'s goals.\r\nPractical activities and applications to enhance language skills.\r\nSupport and encouragement from teachers and participants.\r\n\r\nJoin us now, and be part of our Arabic language learning journey!\r\n\r\nGroup Features:\r\n\r\nQualified and experienced teachers.\r\nLessons tailored for all age groups.\r\nPractical activities and applications.\r\nSupport and encouragement from members.\r\n\r\nWhat are you waiting for? Join us now!','defaults/default.jpg',NULL,5,4),(46,'Social studies','\"Welcome to our Social Studies Exploration Journey!\r\n\r\nJoin us in our Social Studies group, where we\'ll explore the relationships between individuals and societies, and understand how identities and cultures are shaped.\r\n\r\nIn this group, we\'ll offer:\r\n\r\nInteractive and engaging lessons on social studies topics.\r\nPractical activities and applications to enhance social understanding.\r\nOpportunities to interact with group members and share ideas.\r\nSupport and encouragement from teachers and participants.\r\n\r\nJoin us now, and be part of our social studies exploration journey!\r\n\r\nGroup Features:\r\n\r\nQualified and experienced teachers.\r\nLessons tailored for all age groups.\r\nPractical activities and applications.\r\nSupport and encouragement from members.\r\n\r\nWhat are you waiting for? Join us now!','defaults/default.jpg',NULL,5,4),(47,'science','\"Welcome to our Science Exploration Journey!\r\n\r\nJoin us in our Science groups, where we\'ll explore the secrets of the universe and nature. We\'ll learn how to think scientifically, research, and discover.\r\n\r\nIn this group, we\'ll offer:\r\n\r\nInteractive and engaging lessons in Physics, Chemistry, and Biology.\r\nHands-on activities and experiments to enhance scientific understanding.\r\nSupport and encouragement from teachers and participants.\r\nOpportunity to collaborate and learn with peers of different ages.\r\n\r\nBook your spot now, and be part of our Science exploration journey!\r\n\r\nGroup Features:\r\n\r\nQualified and experienced teachers.\r\nLessons tailored for all age groups.\r\nHands-on activities and experiments.\r\nSupport and encouragement from members.\r\n\r\nWhat are you waiting for? Book your spot now!','defaults/default.jpg',NULL,5,4),(48,'Math','\"Welcome to the world of mathematics!\r\n\r\nMathematics is not just numbers and calculations, it\'s a language of understanding and exploration. It\'s a powerful tool that helps us make sense of the world around us, from the movement of planets to the behavior of molecules.\r\n\r\nIn this lesson, we\'ll explore exciting mathematical concepts together, and apply them to real-world challenges. We\'ll use logic and critical thinking to analyze problems, and find creative solutions.\r\n\r\nJoin us on a thrilling mathematical journey, where we\'ll discover together how math can change the way we think and enhance our understanding of the world.\r\n\r\nWhat are you waiting for? Join us now!\"','defaults/default.jpg',NULL,5,18),(49,'Arabic','\"Welcome to our Arabic Language Learning Journey!\r\n\r\nJoin us in our Arabic language group, where we\'ll explore the beauty of the Arabic language and learn how to speak and write with confidence.\r\n\r\nIn this group, we\'ll offer:\r\n\r\nInteractive and engaging lessons for all age groups.\r\nCustomized educational programs to achieve each student\'s goals.\r\nPractical activities and applications to enhance language skills.\r\nSupport and encouragement from teachers and participants.\r\n\r\nJoin us now, and be part of our Arabic language learning journey!\r\n\r\nGroup Features:\r\n\r\nQualified and experienced teachers.\r\nLessons tailored for all age groups.\r\nPractical activities and applications.\r\nSupport and encouragement from members.\r\n\r\nWhat are you waiting for? Join us now!','defaults/default.jpg',NULL,5,18),(50,'Arabic','\"Welcome to our Arabic Language Learning Journey!\r\n\r\nJoin us in our Arabic language group, where we\'ll explore the beauty of the Arabic language and learn how to speak and write with confidence.\r\n\r\nIn this group, we\'ll offer:\r\n\r\nInteractive and engaging lessons for all age groups.\r\nCustomized educational programs to achieve each student\'s goals.\r\nPractical activities and applications to enhance language skills.\r\nSupport and encouragement from teachers and participants.\r\n\r\nJoin us now, and be part of our Arabic language learning journey!\r\n\r\nGroup Features:\r\n\r\nQualified and experienced teachers.\r\nLessons tailored for all age groups.\r\nPractical activities and applications.\r\nSupport and encouragement from members.\r\n\r\nWhat are you waiting for? Join us now!','defaults/default.jpg',NULL,2,7),(51,'Social studies','\"Welcome to our Social Studies Exploration Journey!\r\n\r\nJoin us in our Social Studies group, where we\'ll explore the relationships between individuals and societies, and understand how identities and cultures are shaped.\r\n\r\nIn this group, we\'ll offer:\r\n\r\nInteractive and engaging lessons on social studies topics.\r\nPractical activities and applications to enhance social understanding.\r\nOpportunities to interact with group members and share ideas.\r\nSupport and encouragement from teachers and participants.\r\n\r\nJoin us now, and be part of our social studies exploration journey!\r\n\r\nGroup Features:\r\n\r\nQualified and experienced teachers.\r\nLessons tailored for all age groups.\r\nPractical activities and applications.\r\nSupport and encouragement from members.\r\n\r\nWhat are you waiting for? Join us now!','defaults/default.jpg',NULL,5,18),(52,'science','\"Welcome to our Science Exploration Journey!\r\n\r\nJoin us in our Science groups, where we\'ll explore the secrets of the universe and nature. We\'ll learn how to think scientifically, research, and discover.\r\n\r\nIn this group, we\'ll offer:\r\n\r\nInteractive and engaging lessons in Physics, Chemistry, and Biology.\r\nHands-on activities and experiments to enhance scientific understanding.\r\nSupport and encouragement from teachers and participants.\r\nOpportunity to collaborate and learn with peers of different ages.\r\n\r\nBook your spot now, and be part of our Science exploration journey!\r\n\r\nGroup Features:\r\n\r\nQualified and experienced teachers.\r\nLessons tailored for all age groups.\r\nHands-on activities and experiments.\r\nSupport and encouragement from members.\r\n\r\nWhat are you waiting for? Book your spot now!','defaults/default.jpg',NULL,5,18),(53,'English','\"Welcome to our English Language Learning Journey!\r\n\r\nJoin us in our English language groups, where we\'ll explore the beauty of the English language and learn how to speak and write with confidence.\r\n\r\nIn this group, we\'ll offer:\r\n\r\nInteractive and engaging lessons in grammar, vocabulary, and pronunciation.\r\nPractical activities and applications to enhance language skills.\r\nOpportunities to interact with group members and share ideas.\r\nSupport and encouragement from teachers and participants.\r\n\r\nJoin us now, and be part of our English language learning journey!\r\n\r\nGroup Features:\r\n\r\nQualified and experienced teachers.\r\nLessons tailored for all age groups.\r\nPractical activities and applications.\r\nSupport and encouragement from members.\r\n\r\nWhat are you waiting for? Join us now!','defaults/default.jpg',NULL,5,18),(60,'Islamic Education','\"Welcome to our Islamic Education Learning Journey!\r\n\r\nJoin us in our Islamic Education groups, where we\'ll explore Islamic values and morals and learn how to apply them in our daily lives.\r\n\r\nIn this group, we\'ll offer:\r\n\r\nInteractive and engaging lessons in Islamic Creed, Morals, and Jurisprudence.\r\nPractical activities and applications to enhance Islamic understanding.\r\nOpportunities to interact with group members and share ideas.\r\nSupport and encouragement from teachers and participants.\r\n\r\nJoin us now, and be part of our Islamic Education learning journey!\r\n\r\nGroup Features:\r\n\r\nQualified and experienced teachers.\r\nLessons tailored for all age groups.\r\nPractical activities and applications.\r\nSupport and encouragement from members.\r\n\r\nWhat are you waiting for? Join us now!','defaults/default.jpg',NULL,2,8),(61,'Islamic Education','Welcome to our Islamic Education Learning Journey!\r\n\r\nJoin us in our Islamic Education groups, where we\'ll explore Islamic values and morals and learn how to apply them in our daily lives.\r\n\r\nIn this group, we\'ll offer:\r\n\r\nInteractive and engaging lessons in Islamic Creed, Morals, and Jurisprudence.\r\nPractical activities and applications to enhance Islamic understanding.\r\nOpportunities to interact with group members and share ideas.\r\nSupport and encouragement from teachers and participants.\r\n\r\nJoin us now, and be part of our Islamic Education learning journey!\r\n\r\nGroup Features:\r\n\r\nQualified and experienced teachers.\r\nLessons tailored for all age groups.\r\nPractical activities and applications.\r\nSupport and encouragement from members.\r\n\r\nWhat are you waiting for? Join us now!','defaults/default.jpg',NULL,2,11),(62,'Islamic education','Welcome to our Islamic Education Learning Journey!\r\n\r\nJoin us in our Islamic Education groups, where we\'ll explore Islamic values and morals and learn how to apply them in our daily lives.\r\n\r\nIn this group, we\'ll offer:\r\n\r\nInteractive and engaging lessons in Islamic Creed, Morals, and Jurisprudence.\r\nPractical activities and applications to enhance Islamic understanding.\r\nOpportunities to interact with group members and share ideas.\r\nSupport and encouragement from teachers and participants.\r\n\r\nJoin us now, and be part of our Islamic Education learning journey!\r\n\r\nGroup Features:\r\n\r\nQualified and experienced teachers.\r\nLessons tailored for all age groups.\r\nPractical activities and applications.\r\nSupport and encouragement from members.\r\n\r\nWhat are you waiting for? Join us now!','defaults/default.jpg',NULL,2,7),(73,'Arabic','\"Welcome to our Arabic Language Learning Journey!\r\n\r\nJoin us in our Arabic language group, where we\'ll explore the beauty of the Arabic language and learn how to speak and write with confidence.\r\n\r\nIn this group, we\'ll offer:\r\n\r\nInteractive and engaging lessons for all age groups.\r\nCustomized educational programs to achieve each student\'s goals.\r\nPractical activities and applications to enhance language skills.\r\nSupport and encouragement from teachers and participants.\r\n\r\nJoin us now, and be part of our Arabic language learning journey!\r\n\r\nGroup Features:\r\n\r\nQualified and experienced teachers.\r\nLessons tailored for all age groups.\r\nPractical activities and applications.\r\nSupport and encouragement from members.\r\n\r\nWhat are you waiting for? Join us now!','defaults/default.jpg',NULL,2,8),(75,'Arabic','\"Welcome to our Arabic Language Learning Journey!\r\n\r\nJoin us in our Arabic language group, where we\'ll explore the beauty of the Arabic language and learn how to speak and write with confidence.\r\n\r\nIn this group, we\'ll offer:\r\n\r\nInteractive and engaging lessons for all age groups.\r\nCustomized educational programs to achieve each student\'s goals.\r\nPractical activities and applications to enhance language skills.\r\nSupport and encouragement from teachers and participants.\r\n\r\nJoin us now, and be part of our Arabic language learning journey!\r\n\r\nGroup Features:\r\n\r\nQualified and experienced teachers.\r\nLessons tailored for all age groups.\r\nPractical activities and applications.\r\nSupport and encouragement from members.\r\n\r\nWhat are you waiting for? Join us now!','defaults/default.jpg',NULL,2,11),(80,'Math','\"Welcome to the world of mathematics!\r\n\r\nMathematics is not just numbers and calculations, it\'s a language of understanding and exploration. It\'s a powerful tool that helps us make sense of the world around us, from the movement of planets to the behavior of molecules.\r\n\r\nIn this lesson, we\'ll explore exciting mathematical concepts together, and apply them to real-world challenges. We\'ll use logic and critical thinking to analyze problems, and find creative solutions.\r\n\r\nJoin us on a thrilling mathematical journey, where we\'ll discover together how math can change the way we think and enhance our understanding of the world.\r\n\r\nWhat are you waiting for? Join us now!\"','defaults/default.jpg',NULL,2,11),(81,'Math','\"Welcome to the world of mathematics!\r\n\r\nMathematics is not just numbers and calculations, it\'s a language of understanding and exploration. It\'s a powerful tool that helps us make sense of the world around us, from the movement of planets to the behavior of molecules.\r\n\r\nIn this lesson, we\'ll explore exciting mathematical concepts together, and apply them to real-world challenges. We\'ll use logic and critical thinking to analyze problems, and find creative solutions.\r\n\r\nJoin us on a thrilling mathematical journey, where we\'ll discover together how math can change the way we think and enhance our understanding of the world.\r\n\r\nWhat are you waiting for? Join us now!\"','defaults/default.jpg',NULL,2,8),(82,'Math','\"Welcome to the world of mathematics!\r\n\r\nMathematics is not just numbers and calculations, it\'s a language of understanding and exploration. It\'s a powerful tool that helps us make sense of the world around us, from the movement of planets to the behavior of molecules.\r\n\r\nIn this lesson, we\'ll explore exciting mathematical concepts together, and apply them to real-world challenges. We\'ll use logic and critical thinking to analyze problems, and find creative solutions.\r\n\r\nJoin us on a thrilling mathematical journey, where we\'ll discover together how math can change the way we think and enhance our understanding of the world.\r\n\r\nWhat are you waiting for? Join us now!\"','defaults/default.jpg',NULL,2,7),(84,'Chemistry','Welcome to our Chemistry Exploration Journey!\r\n\r\nJoin us in our Chemistry groups, where we\'ll explore the secrets of materials and chemical reactions. We\'ll learn how to analyze materials and identify their composition.\r\n\r\nIn this group, we\'ll offer:\r\n\r\nInteractive and engaging lessons in Organic and Inorganic Chemistry.\r\nHands-on activities and experiments to enhance chemical understanding.\r\nOpportunities to interact with group members and share ideas.\r\nSupport and encouragement from teachers and participants.\r\n\r\nJoin us now, and be part of our Chemistry exploration journey!\r\n\r\nGroup Features:\r\n\r\nQualified and experienced teachers.\r\nLessons tailored for all age groups.\r\nHands-on activities and experiments.\r\nSupport and encouragement from members.\r\n\r\nWhat are you waiting for? Join us now!','defaults/default.jpg',NULL,2,11),(85,'Chemistry','Welcome to our Chemistry Exploration Journey!\r\n\r\nJoin us in our Chemistry groups, where we\'ll explore the secrets of materials and chemical reactions. We\'ll learn how to analyze materials and identify their composition.\r\n\r\nIn this group, we\'ll offer:\r\n\r\nInteractive and engaging lessons in Organic and Inorganic Chemistry.\r\nHands-on activities and experiments to enhance chemical understanding.\r\nOpportunities to interact with group members and share ideas.\r\nSupport and encouragement from teachers and participants.\r\n\r\nJoin us now, and be part of our Chemistry exploration journey!\r\n\r\nGroup Features:\r\n\r\nQualified and experienced teachers.\r\nLessons tailored for all age groups.\r\nHands-on activities and experiments.\r\nSupport and encouragement from members.\r\n\r\nWhat are you waiting for? Join us now!','defaults/default.jpg',NULL,2,8),(86,'Chemistry','Welcome to our Chemistry Exploration Journey!\r\n\r\nJoin us in our Chemistry groups, where we\'ll explore the secrets of materials and chemical reactions. We\'ll learn how to analyze materials and identify their composition.\r\n\r\nIn this group, we\'ll offer:\r\n\r\nInteractive and engaging lessons in Organic and Inorganic Chemistry.\r\nHands-on activities and experiments to enhance chemical understanding.\r\nOpportunities to interact with group members and share ideas.\r\nSupport and encouragement from teachers and participants.\r\n\r\nJoin us now, and be part of our Chemistry exploration journey!\r\n\r\nGroup Features:\r\n\r\nQualified and experienced teachers.\r\nLessons tailored for all age groups.\r\nHands-on activities and experiments.\r\nSupport and encouragement from members.\r\n\r\nWhat are you waiting for? Join us now!','defaults/default.jpg',NULL,2,7),(87,'Physics','\"Welcome to our Physics Exploration Journey!\r\n\r\nJoin us in our Physics groups, where we\'ll explore the secrets of the universe, energy, and motion. We\'ll learn how to analyze physical phenomena and identify the laws that govern them.\r\n\r\nIn this group, we\'ll offer:\r\n\r\nInteractive and engaging lessons in Mechanics, Electromagnetism, and Modern Physics.\r\nHands-on activities and experiments to enhance physical understanding.\r\nOpportunities to interact with group members and share ideas.\r\nSupport and encouragement from teachers and participants.\r\n\r\nJoin us now, and be part of our Physics exploration journey!\r\n\r\nGroup Features:\r\n\r\nQualified and experienced teachers.\r\nLessons tailored for all age groups.\r\nHands-on activities and experiments.\r\nSupport and encouragement from members.\r\n\r\nWhat are you waiting for? Join us now!','defaults/default.jpg',NULL,2,8),(88,'Physics','\"Welcome to our Physics Exploration Journey!\r\n\r\nJoin us in our Physics groups, where we\'ll explore the secrets of the universe, energy, and motion. We\'ll learn how to analyze physical phenomena and identify the laws that govern them.\r\n\r\nIn this group, we\'ll offer:\r\n\r\nInteractive and engaging lessons in Mechanics, Electromagnetism, and Modern Physics.\r\nHands-on activities and experiments to enhance physical understanding.\r\nOpportunities to interact with group members and share ideas.\r\nSupport and encouragement from teachers and participants.\r\n\r\nJoin us now, and be part of our Physics exploration journey!\r\n\r\nGroup Features:\r\n\r\nQualified and experienced teachers.\r\nLessons tailored for all age groups.\r\nHands-on activities and experiments.\r\nSupport and encouragement from members.\r\n\r\nWhat are you waiting for? Join us now!','defaults/default.jpg',NULL,2,15),(89,'Physics','\"Welcome to our Physics Exploration Journey!\r\n\r\nJoin us in our Physics groups, where we\'ll explore the secrets of the universe, energy, and motion. We\'ll learn how to analyze physical phenomena and identify the laws that govern them.\r\n\r\nIn this group, we\'ll offer:\r\n\r\nInteractive and engaging lessons in Mechanics, Electromagnetism, and Modern Physics.\r\nHands-on activities and experiments to enhance physical understanding.\r\nOpportunities to interact with group members and share ideas.\r\nSupport and encouragement from teachers and participants.\r\n\r\nJoin us now, and be part of our Physics exploration journey!\r\n\r\nGroup Features:\r\n\r\nQualified and experienced teachers.\r\nLessons tailored for all age groups.\r\nHands-on activities and experiments.\r\nSupport and encouragement from members.\r\n\r\nWhat are you waiting for? Join us now!','defaults/default.jpg',NULL,2,11),(90,'History','\"Welcome to our History Exploration Journey!\r\n\r\nJoin us in our History groups, where we\'ll explore the events, cultures, and civilizations that shaped the world we live in today. We\'ll learn how to analyze historical events and identify their impact on the present.\r\n\r\nIn this group, we\'ll offer:\r\n\r\nInteractive and engaging lessons on different historical periods.\r\nPractical activities and applications to enhance historical understanding.\r\nOpportunities to interact with group members and share ideas.\r\nSupport and encouragement from teachers and participants.\r\n\r\nJoin us now, and be part of our History exploration journey!\r\n\r\nGroup Features:\r\n\r\nQualified and experienced teachers.\r\nLessons tailored for all age groups.\r\nPractical activities and applications.\r\nSupport and encouragement from members.\r\n\r\nWhat are you waiting for? Join us now!','defaults/default.jpg',NULL,2,11),(92,'History','\"Welcome to our History Exploration Journey!\r\n\r\nJoin us in our History groups, where we\'ll explore the events, cultures, and civilizations that shaped the world we live in today. We\'ll learn how to analyze historical events and identify their impact on the present.\r\n\r\nIn this group, we\'ll offer:\r\n\r\nInteractive and engaging lessons on different historical periods.\r\nPractical activities and applications to enhance historical understanding.\r\nOpportunities to interact with group members and share ideas.\r\nSupport and encouragement from teachers and participants.\r\n\r\nJoin us now, and be part of our History exploration journey!\r\n\r\nGroup Features:\r\n\r\nQualified and experienced teachers.\r\nLessons tailored for all age groups.\r\nPractical activities and applications.\r\nSupport and encouragement from members.\r\n\r\nWhat are you waiting for? Join us now!','defaults/default.jpg',NULL,2,7),(93,'History','\"Welcome to our History Exploration Journey!\r\n\r\nJoin us in our History groups, where we\'ll explore the events, cultures, and civilizations that shaped the world we live in today. We\'ll learn how to analyze historical events and identify their impact on the present.\r\n\r\nIn this group, we\'ll offer:\r\n\r\nInteractive and engaging lessons on different historical periods.\r\nPractical activities and applications to enhance historical understanding.\r\nOpportunities to interact with group members and share ideas.\r\nSupport and encouragement from teachers and participants.\r\n\r\nJoin us now, and be part of our History exploration journey!\r\n\r\nGroup Features:\r\n\r\nQualified and experienced teachers.\r\nLessons tailored for all age groups.\r\nPractical activities and applications.\r\nSupport and encouragement from members.\r\n\r\nWhat are you waiting for? Join us now!','defaults/default.jpg',NULL,2,8),(94,'Geography','\"Welcome to our Geography Exploration Journey!\r\n\r\nJoin us in our Geography groups, where we\'ll explore the different places, cultures, and environments around the world. We\'ll learn how to analyze the relationships between humans and the environment and identify their impact on communities.\r\n\r\nIn this group, we\'ll offer:\r\n\r\nInteractive and engaging lessons on Physical and Human Geography.\r\nPractical activities and applications to enhance geographical understanding.\r\nOpportunities to interact with group members and share ideas.\r\nSupport and encouragement from teachers and participants.\r\n\r\nJoin us now, and be part of our Geography exploration journey!\r\n\r\nGroup Features:\r\n\r\nQualified and experienced teachers.\r\nLessons tailored for all age groups.\r\nPractical activities and applications.\r\nSupport and encouragement from members.\r\n\r\nWhat are you waiting for? Join us now!','defaults/default.jpg',NULL,2,7),(95,'Geography','\"Welcome to our Geography Exploration Journey!\r\n\r\nJoin us in our Geography groups, where we\'ll explore the different places, cultures, and environments around the world. We\'ll learn how to analyze the relationships between humans and the environment and identify their impact on communities.\r\n\r\nIn this group, we\'ll offer:\r\n\r\nInteractive and engaging lessons on Physical and Human Geography.\r\nPractical activities and applications to enhance geographical understanding.\r\nOpportunities to interact with group members and share ideas.\r\nSupport and encouragement from teachers and participants.\r\n\r\nJoin us now, and be part of our Geography exploration journey!\r\n\r\nGroup Features:\r\n\r\nQualified and experienced teachers.\r\nLessons tailored for all age groups.\r\nPractical activities and applications.\r\nSupport and encouragement from members.\r\n\r\nWhat are you waiting for? Join us now!','defaults/default.jpg',NULL,2,8),(96,'Geography','\"Welcome to our Geography Exploration Journey!\r\n\r\nJoin us in our Geography groups, where we\'ll explore the different places, cultures, and environments around the world. We\'ll learn how to analyze the relationships between humans and the environment and identify their impact on communities.\r\n\r\nIn this group, we\'ll offer:\r\n\r\nInteractive and engaging lessons on Physical and Human Geography.\r\nPractical activities and applications to enhance geographical understanding.\r\nOpportunities to interact with group members and share ideas.\r\nSupport and encouragement from teachers and participants.\r\n\r\nJoin us now, and be part of our Geography exploration journey!\r\n\r\nGroup Features:\r\n\r\nQualified and experienced teachers.\r\nLessons tailored for all age groups.\r\nPractical activities and applications.\r\nSupport and encouragement from members.\r\n\r\nWhat are you waiting for? Join us now!','defaults/default.jpg',NULL,2,11),(97,'French','Welcome to our French Language Learning Journey!\r\n\r\nJoin us in our French language groups, where we\'ll explore the beauty of the French language and learn how to speak and write with confidence.\r\n\r\nIn this group, we\'ll offer:\r\n\r\nInteractive and engaging lessons in grammar, vocabulary, and pronunciation.\r\nPractical activities and applications to enhance language skills.\r\nOpportunities to interact with group members and share ideas.\r\nSupport and encouragement from teachers and participants.\r\n\r\nJoin us now, and be part of our French language learning journey!\r\n\r\nGroup Features:\r\n\r\nQualified and experienced teachers.\r\nLessons tailored for all age groups.\r\nPractical activities and applications.\r\nSupport and encouragement from members.\r\n\r\nWhat are you waiting for? Join us now!','defaults/default.jpg',NULL,2,11),(98,'French','Welcome to our French Language Learning Journey!\r\n\r\nJoin us in our French language groups, where we\'ll explore the beauty of the French language and learn how to speak and write with confidence.\r\n\r\nIn this group, we\'ll offer:\r\n\r\nInteractive and engaging lessons in grammar, vocabulary, and pronunciation.\r\nPractical activities and applications to enhance language skills.\r\nOpportunities to interact with group members and share ideas.\r\nSupport and encouragement from teachers and participants.\r\n\r\nJoin us now, and be part of our French language learning journey!\r\n\r\nGroup Features:\r\n\r\nQualified and experienced teachers.\r\nLessons tailored for all age groups.\r\nPractical activities and applications.\r\nSupport and encouragement from members.\r\n\r\nWhat are you waiting for? Join us now!','defaults/default.jpg',NULL,2,8),(99,'French','Welcome to our French Language Learning Journey!\r\n\r\nJoin us in our French language groups, where we\'ll explore the beauty of the French language and learn how to speak and write with confidence.\r\n\r\nIn this group, we\'ll offer:\r\n\r\nInteractive and engaging lessons in grammar, vocabulary, and pronunciation.\r\nPractical activities and applications to enhance language skills.\r\nOpportunities to interact with group members and share ideas.\r\nSupport and encouragement from teachers and participants.\r\n\r\nJoin us now, and be part of our French language learning journey!\r\n\r\nGroup Features:\r\n\r\nQualified and experienced teachers.\r\nLessons tailored for all age groups.\r\nPractical activities and applications.\r\nSupport and encouragement from members.\r\n\r\nWhat are you waiting for? Join us now!','defaults/default.jpg',NULL,2,7),(100,'German','\"Welcome to our German Language Learning Journey!\r\n\r\nJoin us in our German language groups, where we\'ll explore the beauty of the German language and learn how to speak and write with confidence.\r\n\r\nIn this group, we\'ll offer:\r\n\r\nInteractive and engaging lessons in grammar, vocabulary, and pronunciation.\r\nPractical activities and applications to enhance language skills.\r\nOpportunities to interact with group members and share ideas.\r\nSupport and encouragement from teachers and participants.\r\n\r\nJoin us now, and be part of our German language learning journey!\r\n\r\nGroup Features:\r\n\r\nQualified and experienced teachers.\r\nLessons tailored for all age groups.\r\nPractical activities and applications.\r\nSupport and encouragement from members.\r\n\r\nWhat are you waiting for? Join us now!','defaults/default.jpg',NULL,2,11),(101,'German','\"Welcome to our German Language Learning Journey!\r\n\r\nJoin us in our German language groups, where we\'ll explore the beauty of the German language and learn how to speak and write with confidence.\r\n\r\nIn this group, we\'ll offer:\r\n\r\nInteractive and engaging lessons in grammar, vocabulary, and pronunciation.\r\nPractical activities and applications to enhance language skills.\r\nOpportunities to interact with group members and share ideas.\r\nSupport and encouragement from teachers and participants.\r\n\r\nJoin us now, and be part of our German language learning journey!\r\n\r\nGroup Features:\r\n\r\nQualified and experienced teachers.\r\nLessons tailored for all age groups.\r\nPractical activities and applications.\r\nSupport and encouragement from members.\r\n\r\nWhat are you waiting for? Join us now!','defaults/default.jpg',NULL,2,7),(102,'German','\"Welcome to our German Language Learning Journey!\r\n\r\nJoin us in our German language groups, where we\'ll explore the beauty of the German language and learn how to speak and write with confidence.\r\n\r\nIn this group, we\'ll offer:\r\n\r\nInteractive and engaging lessons in grammar, vocabulary, and pronunciation.\r\nPractical activities and applications to enhance language skills.\r\nOpportunities to interact with group members and share ideas.\r\nSupport and encouragement from teachers and participants.\r\n\r\nJoin us now, and be part of our German language learning journey!\r\n\r\nGroup Features:\r\n\r\nQualified and experienced teachers.\r\nLessons tailored for all age groups.\r\nPractical activities and applications.\r\nSupport and encouragement from members.\r\n\r\nWhat are you waiting for? Join us now!','defaults/default.jpg',NULL,2,8);
/*!40000 ALTER TABLE `courses_course` ENABLE KEYS */;
UNLOCK TABLES;

--
-- Table structure for table `courses_coursetranslation`
--

DROP TABLE IF EXISTS `courses_coursetranslation`;
/*!40101 SET @saved_cs_client     = @@character_set_client */;
/*!50503 SET character_set_client = utf8mb4 */;
CREATE TABLE `courses_coursetranslation` (
  `id` bigint NOT NULL AUTO_INCREMENT,
  `language` varchar(10) NOT NULL,
  `translated_name` varchar(200) NOT NULL,
  `translated_description` longtext NOT NULL,
  `course_id` bigint NOT NULL,
  PRIMARY KEY (`id`),
  UNIQUE KEY `courses_coursetranslation_course_id_language_df18c0c8_uniq` (`course_id`,`language`),
  CONSTRAINT `courses_coursetransl_course_id_b79d1e69_fk_courses_c` FOREIGN KEY (`course_id`) REFERENCES `courses_course` (`id`)
) ENGINE=InnoDB AUTO_INCREMENT=93 DEFAULT CHARSET=utf8mb4 COLLATE=utf8mb4_0900_ai_ci;
/*!40101 SET character_set_client = @saved_cs_client */;

--
-- Dumping data for table `courses_coursetranslation`
--

LOCK TABLES `courses_coursetranslation` WRITE;
/*!40000 ALTER TABLE `courses_coursetranslation` DISABLE KEYS */;
INSERT INTO `courses_coursetranslation` VALUES (2,'ar','لغه عربيه','\"أهلاً بكم في رحلة تعلم اللغة العربية!\r\n\r\nانضم إلينا في مجموعة دروس اللغة العربية، حيث سنستكشف معًا جمال اللغة العربية ونتعلم كيفية التحدث والكتابة بها بثقة.\r\n\r\nفي هذه المجموعة، سنقدم:\r\n\r\nدروس تفاعلية وممتعة لجميع المراحل العمرية.\r\nبرامج تعليمية مخصصة لتحقيق أهداف كل طالب.\r\nأنشطة وتطبيقات عملية لتعزيز المهارات اللغوية.\r\nدعم وتشجيع من المدرسين والمشاركين.\r\n\r\nانضم إلينا الآن، وكن جزءًا من رحلة تعلم اللغة العربية!\r\n\r\nميزات المجموعة:\r\n\r\nمدرسين مؤهلين وذوي خبرة.\r\nدروس مخصصة لجميع المراحل العمرية.\r\nأنشطة وتطبيقات عملية.\r\nدعم وتشجيع من الأعضاء.\r\n\r\nماذا تنتظر؟ انضم إلينا الآن!',2),(3,'ar','اللغه الانجليزيه','حسن لغتك الانجليزيه مع خبراء نبئوني',3),(4,'ar','اللغه الانجليزيه','حسن لغتك الانجليزيه مع خبراء نبئوني',4),(5,'ar','اللغه الانجليزيه','حسن لغتك الانجليزيه مع نبئوني',5),(6,'ar','اللغه الانجليزيه','حسن لغتك الانجليزيه مع نبئوني',6),(7,'ar','اللغه الانجليزيه','حسن لغتك الانجليزيه مع منصه تبئوني',7),(8,'ar','اللغه الانجليزيه','حسن لغتك الانجليزيه مع منصه تبئوني',8),(9,'ar','اللغه العربيه','تعلم اللغه العربيه بسلاسه والقواعد النحويه و البلاغه و النطق الصحيح و تمتع مع خبراء منصه نبئوني',10),(10,'ar','رياضيات','\"أهلاً بكم في عالم الرياضيات\r\n\r\nالرياضيات ليست مجرد أرقام وحسابات، بل هي لغة الفهم والاستكشاف. إنها أداة قوية تساعدنا على فهم العالم من حولنا، من حركة الكواكب إلى سلوك الجزيئات.\r\n\r\nفي هذا الدرس، سنستكشف معًا مفاهيم رياضية مثيرة، وسنطبقها على تحديات حقيقية. سنستخدم المنطق والتفكير النقدي لتحليل المشكلات، ونجد حلولًا إبداعية.\r\n\r\nانضم إلينا في رحلة رياضية مثيرة، حيث سنكتشف معًا كيف يمكن للرياضيات أن تغير طريقة تفكيرنا وتعزز فهمنا للعالم.',11),(11,'ar','التربيه الاسلاميه','\"أهلاً بكم في رحلة تعلم التربية الإسلامية!\r\n\r\nانضم إلينا في مجموعات التربية الإسلامية، حيث سنستكشف معًا القيم والأخلاق الإسلامية وتعلم كيفية تطبيقها في حياتنا اليومية.\r\n\r\nفي هذه المجموعة، سنقدم:\r\n\r\nدروس تفاعلية وممتعة في العقيدة والأخلاق والشريعة الإسلامية.\r\nأنشطة وتطبيقات عملية لتعزيز الفهم الإسلامي.\r\nفرصة للتفاعل مع أعضاء المجموعة ومشاركة الأفكار.\r\nدعم وتشجيع من المدرسين والمشاركين.\r\n\r\nانضم إلينا الآن، وكن جزءًا من رحلة تعلم التربية الإسلامية!\r\n\r\nميزات المجموعة:\r\n\r\nمدرسين مؤهلين وذوي خبرة.\r\nدروس مخصصة لجميع المراحل العمرية.\r\nأنشطة وتطبيقات عملية.\r\nدعم وتشجيع من الأعضاء.\r\n\r\nماذا تنتظر؟ انضم إلينا الآن!',12),(12,'ar','اللغه العربيه','\"أهلاً بكم في رحلة تعلم اللغة العربية!\r\n\r\nانضم إلينا في مجموعة دروس اللغة العربية، حيث سنستكشف معًا جمال اللغة العربية ونتعلم كيفية التحدث والكتابة بها بثقة.\r\n\r\nفي هذه المجموعة، سنقدم:\r\n\r\nدروس تفاعلية وممتعة لجميع المراحل العمرية.\r\nبرامج تعليمية مخصصة لتحقيق أهداف كل طالب.\r\nأنشطة وتطبيقات عملية لتعزيز المهارات اللغوية.\r\nدعم وتشجيع من المدرسين والمشاركين.\r\n\r\nانضم إلينا الآن، وكن جزءًا من رحلة تعلم اللغة العربية!\r\n\r\nميزات المجموعة:\r\n\r\nمدرسين مؤهلين وذوي خبرة.\r\nدروس مخصصة لجميع المراحل العمرية.\r\nأنشطة وتطبيقات عملية.\r\nدعم وتشجيع من الأعضاء.\r\n\r\nماذا تنتظر؟ انضم  الينا الان',13),(14,'ar','رياضيات','\"أهلاً بكم في عالم الرياضيات!\r\n\r\nالرياضيات ليست مجرد أرقام وحسابات، بل هي لغة الفهم والاستكشاف. إنها أداة قوية تساعدنا على فهم العالم من حولنا، من حركة الكواكب إلى سلوك الجزيئات.\r\n\r\nفي هذا الدرس، سنستكشف معًا مفاهيم رياضية مثيرة، وسنطبقها على تحديات حقيقية. سنستخدم المنطق والتفكير النقدي لتحليل المشكلات، ونجد حلولًا إبداعية.\r\n\r\nانضم إلينا في رحلة رياضية مثيرة، حيث سنكتشف معًا كيف يمكن للرياضيات أن تغير طريقة تفكيرنا وتعزز فهمنا للعالم.\r\n\r\nماذا تنتظر؟ انضم إلينا الآن!\"',15),(15,'ar','رياضيات','\"أهلاً بكم في عالم الرياضيات!\r\n\r\nالرياضيات ليست مجرد أرقام وحسابات، بل هي لغة الفهم والاستكشاف. إنها أداة قوية تساعدنا على فهم العالم من حولنا، من حركة الكواكب إلى سلوك الجزيئات.\r\n\r\nفي هذا الدرس، سنستكشف معًا مفاهيم رياضية مثيرة، وسنطبقها على تحديات حقيقية. سنستخدم المنطق والتفكير النقدي لتحليل المشكلات، ونجد حلولًا إبداعية.\r\n\r\nانضم إلينا في رحلة رياضية مثيرة، حيث سنكتشف معًا كيف يمكن للرياضيات أن تغير طريقة تفكيرنا وتعزز فهمنا للعالم.\r\n\r\nماذا تنتظر؟ انضم إلينا الآن!\"',17),(16,'ar','التربيه الاسلاميه','\"أهلاً بكم في رحلة تعلم التربية الإسلامية!\r\n\r\nانضم إلينا في مجموعات التربية الإسلامية، حيث سنستكشف معًا القيم والأخلاق الإسلامية وتعلم كيفية تطبيقها في حياتنا اليومية.\r\n\r\nفي هذه المجموعة، سنقدم:\r\n\r\nدروس تفاعلية وممتعة في العقيدة والأخلاق والشريعة الإسلامية.\r\nأنشطة وتطبيقات عملية لتعزيز الفهم الإسلامي.\r\nفرصة للتفاعل مع أعضاء المجموعة ومشاركة الأفكار.\r\nدعم وتشجيع من المدرسين والمشاركين.\r\n\r\nانضم إلينا الآن، وكن جزءًا من رحلة تعلم التربية الإسلامية!\r\n\r\nميزات المجموعة:\r\n\r\nمدرسين مؤهلين وذوي خبرة.\r\nدروس مخصصة لجميع المراحل العمرية.\r\nأنشطة وتطبيقات عملية.\r\nدعم وتشجيع من الأعضاء.\r\n\r\nماذا تنتظر؟ انضم إلينا الآن!',18),(17,'ar','لغه عربيه','\"أهلاً بكم في رحلة تعلم اللغة العربية!\r\n\r\nانضم إلينا في مجموعة دروس اللغة العربية، حيث سنستكشف معًا جمال اللغة العربية ونتعلم كيفية التحدث والكتابة بها بثقة.\r\n\r\nفي هذه المجموعة، سنقدم:\r\n\r\nدروس تفاعلية وممتعة لجميع المراحل العمرية.\r\nبرامج تعليمية مخصصة لتحقيق أهداف كل طالب.\r\nأنشطة وتطبيقات عملية لتعزيز المهارات اللغوية.\r\nدعم وتشجيع من المدرسين والمشاركين.\r\n\r\nانضم إلينا الآن، وكن جزءًا من رحلة تعلم اللغة العربية!\r\n\r\nميزات المجموعة:\r\n\r\nمدرسين مؤهلين وذوي خبرة.\r\nدروس مخصصة لجميع المراحل العمرية.\r\nأنشطة وتطبيقات عملية.\r\nدعم وتشجيع من الأعضاء.\r\n\r\nماذا تنتظر؟ انضم إلينا الآن!',19),(18,'ar','رياضيات','\"أهلاً بكم في عالم الرياضيات!\r\n\r\nالرياضيات ليست مجرد أرقام وحسابات، بل هي لغة الفهم والاستكشاف. إنها أداة قوية تساعدنا على فهم العالم من حولنا، من حركة الكواكب إلى سلوك الجزيئات.\r\n\r\nفي هذا الدرس، سنستكشف معًا مفاهيم رياضية مثيرة، وسنطبقها على تحديات حقيقية. سنستخدم المنطق والتفكير النقدي لتحليل المشكلات، ونجد حلولًا إبداعية.\r\n\r\nانضم إلينا في رحلة رياضية مثيرة، حيث سنكتشف معًا كيف يمكن للرياضيات أن تغير طريقة تفكيرنا وتعزز فهمنا للعالم.\r\n\r\nماذا تنتظر؟ انضم إلينا الآن!\"',20),(19,'ar','لغه عربيه','\"أهلاً بكم في رحلة تعلم اللغة العربية!\r\n\r\nانضم إلينا في مجموعة دروس اللغة العربية، حيث سنستكشف معًا جمال اللغة العربية ونتعلم كيفية التحدث والكتابة بها بثقة.\r\n\r\nفي هذه المجموعة، سنقدم:\r\n\r\nدروس تفاعلية وممتعة لجميع المراحل العمرية.\r\nبرامج تعليمية مخصصة لتحقيق أهداف كل طالب.\r\nأنشطة وتطبيقات عملية لتعزيز المهارات اللغوية.\r\nدعم وتشجيع من المدرسين والمشاركين.\r\n\r\nانضم إلينا الآن، وكن جزءًا من رحلة تعلم اللغة العربية!\r\n\r\nميزات المجموعة:\r\n\r\nمدرسين مؤهلين وذوي خبرة.\r\nدروس مخصصة لجميع المراحل العمرية.\r\nأنشطة وتطبيقات عملية.\r\nدعم وتشجيع من الأعضاء.\r\n\r\nماذا تنتظر؟ انضم إلينا الان',21),(20,'ar','التربيه الاسلاميه','\"أهلاً بكم في رحلة تعلم التربية الإسلامية!\r\n\r\nانضم إلينا في مجموعات التربية الإسلامية، حيث سنستكشف معًا القيم والأخلاق الإسلامية وتعلم كيفية تطبيقها في حياتنا اليومية.\r\n\r\nفي هذه المجموعة، سنقدم:\r\n\r\nدروس تفاعلية وممتعة في العقيدة والأخلاق والشريعة الإسلامية.\r\nأنشطة وتطبيقات عملية لتعزيز الفهم الإسلامي.\r\nفرصة للتفاعل مع أعضاء المجموعة ومشاركة الأفكار.\r\nدعم وتشجيع من المدرسين والمشاركين.\r\n\r\nانضم إلينا الآن، وكن جزءًا من رحلة تعلم التربية الإسلامية!\r\n\r\nميزات المجموعة:\r\n\r\nمدرسين مؤهلين وذوي خبرة.\r\nدروس مخصصة لجميع المراحل العمرية.\r\nأنشطة وتطبيقات عملية.\r\nدعم وتشجيع من الأعضاء.\r\n\r\nماذا تنتظر؟ انضم إلينا الآن!',22),(21,'ar','دراسات اجتماعيه','\"أهلاً بكم في رحلة استكشاف الدراساتت الاجتماعية!\r\n\r\nانضم إلينا في مجموعة الدراسات الاجتماعية، حيث سنستكشف معًا العلاقات بين الأفراد والمجتمعات، ونفهم كيفية تشكيل الهويات والثقافات.\r\n\r\nفي هذه المجموعة، سنقدم:\r\n\r\nدروس تفاعلية وممتعة حول المواضيع الاجتماعية.\r\nأنشطة وتطبيقات عملية لتعزيز الفهم الاجتماعي.\r\nفرصة للتفاعل مع أعضاء المجموعة وتبادل الأفكار.\r\nدعم وتشجيع من المدرسين والمشاركين.\r\n\r\nانضم إلينا الآن، وكن جزءًا من رحلة استكشاف الدراسات الاجتماعية!\r\n\r\nميزات المجموعة:\r\n\r\nمدرسين مؤهلين وذوي خبرة.\r\nدروس مخصصة لجميع المراحل العمرية.\r\nأنشطة وتطبيقات عملية.\r\nدعم وتشجيع من الأعضاء.\r\n\r\nماذا تنتظر؟ انضم إلينا الآن!',23),(22,'ar','علوم','\"أهلاً بكم في رحلة استكشاف العلوم!\r\n\r\nانضم إلينا في مجموعات العلوم، حيث سنستكشف معًا أسرار الكون والطبيعة. سنتعلم كيفية التفكير العلمي والبحث والاكتشاف.\r\n\r\nفي هذه المجموعة، سنقدم:\r\n\r\nدروس تفاعلية وممتعة في الفيزياء والكيمياء والأحياء.\r\nأنشطة وتجارب عملية لتعزيز الفهم العلمي.\r\nدعم وتشجيع من المدرسين والمشاركين.\r\nفرصة للتعاون والتعلم مع زملاء من مختلف الأعمار.\r\n\r\nاحجز مكانك الآن، وكن جزءًا من رحلة استكشاف العلوم!\r\n\r\nميزات المجموعة:\r\n\r\nمدرسين مؤهلين وذوي خبرة.\r\nدروس مخصصة لجميع المراحل العمرية.\r\nأنشطة وتجارب عملية.\r\nدعم وتشجيع من الأعضاء.\r\n\r\nماذا تنتظر؟ احجز مكانك الآن!',24),(23,'ar','دراسات اجتماعيه','\"أهلاً بكم في رحلة استكشاف العلوم الاجتماعية!\r\n\r\nانضم إلينا في مجموعة الدراسات الاجتماعية، حيث سنستكشف معًا العلاقات بين الأفراد والمجتمعات، ونفهم كيفية تشكيل الهويات والثقافات.\r\n\r\nفي هذه المجموعة، سنقدم:\r\n\r\nدروس تفاعلية وممتعة حول المواضيع الاجتماعية.\r\nأنشطة وتطبيقات عملية لتعزيز الفهم الاجتماعي.\r\nفرصة للتفاعل مع أعضاء المجموعة وتبادل الأفكار.\r\nدعم وتشجيع من المدرسين والمشاركين.\r\n\r\nانضم إلينا الآن، وكن جزءًا من رحلة استكشاف العلوم الاجتماعية!\r\n\r\nميزات المجموعة:\r\n\r\nمدرسين مؤهلين وذوي خبرة.\r\nدروس مخصصة لجميع المراحل العمرية.\r\nأنشطة وتطبيقات عملية.\r\nدعم وتشجيع من الأعضاء.\r\n\r\nماذا تنتظر؟ انضم إلينا الآن!',25),(24,'ar','دراسات اجتماعيه','\"أهلاً بكم في رحلة استكشاف العلوم الاجتماعية!\r\n\r\nانضم إلينا في مجموعة الدراسات الاجتماعية، حيث سنستكشف معًا العلاقات بين الأفراد والمجتمعات، ونفهم كيفية تشكيل الهويات والثقافات.\r\n\r\nفي هذه المجموعة، سنقدم:\r\n\r\nدروس تفاعلية وممتعة حول المواضيع الاجتماعية.\r\nأنشطة وتطبيقات عملية لتعزيز الفهم الاجتماعي.\r\nفرصة للتفاعل مع أعضاء المجموعة وتبادل الأفكار.\r\nدعم وتشجيع من المدرسين والمشاركين.\r\n\r\nانضم إلينا الآن، وكن جزءًا من رحلة استكشاف العلوم الاجتماعية!\r\n\r\nميزات المجموعة:\r\n\r\nمدرسين مؤهلين وذوي خبرة.\r\nدروس مخصصة لجميع المراحل العمرية.\r\nأنشطة وتطبيقات عملية.\r\nدعم وتشجيع من الأعضاء.\r\n\r\nماذا تنتظر؟ انضم إلينا الآن!',26),(25,'ar','دراسات اجتماعيه','\"أهلاً بكم في رحلة استكشاف العلوم الاجتماعية!\r\n\r\nانضم إلينا في مجموعة الدراسات الاجتماعية، حيث سنستكشف معًا العلاقات بين الأفراد والمجتمعات، ونفهم كيفية تشكيل الهويات والثقافات.\r\n\r\nفي هذه المجموعة، سنقدم:\r\n\r\nدروس تفاعلية وممتعة حول المواضيع الاجتماعية.\r\nأنشطة وتطبيقات عملية لتعزيز الفهم الاجتماعي.\r\nفرصة للتفاعل مع أعضاء المجموعة وتبادل الأفكار.\r\nدعم وتشجيع من المدرسين والمشاركين.\r\n\r\nانضم إلينا الآن، وكن جزءًا من رحلة استكشاف العلوم الاجتماعية!\r\n\r\nميزات المجموعة:\r\n\r\nمدرسين مؤهلين وذوي خبرة.\r\nدروس مخصصة لجميع المراحل العمرية.\r\nأنشطة وتطبيقات عملية.\r\nدعم وتشجيع من الأعضاء.\r\n\r\nماذا تنتظر؟ انضم إلينا الآن!',27),(26,'ar','دراسات اجتماعيه','\"أهلاً بكم في رحلة استكشاف العلوم الاجتماعية!\r\n\r\nانضم إلينا في مجموعة الدراسات الاجتماعية، حيث سنستكشف معًا العلاقات بين الأفراد والمجتمعات، ونفهم كيفية تشكيل الهويات والثقافات.\r\n\r\nفي هذه المجموعة، سنقدم:\r\n\r\nدروس تفاعلية وممتعة حول المواضيع الاجتماعية.\r\nأنشطة وتطبيقات عملية لتعزيز الفهم الاجتماعي.\r\nفرصة للتفاعل مع أعضاء المجموعة وتبادل الأفكار.\r\nدعم وتشجيع من المدرسين والمشاركين.\r\n\r\nانضم إلينا الآن، وكن جزءًا من رحلة استكشاف العلوم الاجتماعية!\r\n\r\nميزات المجموعة:\r\n\r\nمدرسين مؤهلين وذوي خبرة.\r\nدروس مخصصة لجميع المراحل العمرية.\r\nأنشطة وتطبيقات عملية.\r\nدعم وتشجيع من الأعضاء.\r\n\r\nماذا تنتظر؟ انضم إلينا الآن!',28),(27,'ar','لغه عربيه','\"أهلاً بكم في رحلة تعلم اللغة العربية!\r\n\r\nانضم إلينا في مجموعة دروس اللغة العربية، حيث سنستكشف معًا جمال اللغة العربية ونتعلم كيفية التحدث والكتابة بها بثقة.\r\n\r\nفي هذه المجموعة، سنقدم:\r\n\r\nدروس تفاعلية وممتعة لجميع المراحل العمرية.\r\nبرامج تعليمية مخصصة لتحقيق أهداف كل طالب.\r\nأنشطة وتطبيقات عملية لتعزيز المهارات اللغوية.\r\nدعم وتشجيع من المدرسين والمشاركين.\r\n\r\nانضم إلينا الآن، وكن جزءًا من رحلة تعلم اللغة العربية!\r\n\r\nميزات المجموعة:\r\n\r\nمدرسين مؤهلين وذوي خبرة.\r\nدروس مخصصة لجميع المراحل العمرية.\r\nأنشطة وتطبيقات عملية.\r\nدعم وتشجيع من الأعضاء.\r\n\r\nماذا تنتظر؟ انضم إلينا الآن!',29),(28,'ar','علوم','\"أهلاً بكم في رحلة استكشاف العلوم!\r\n\r\nانضم إلينا في مجموعات العلوم، حيث سنستكشف معًا أسرار الكون والطبيعة. سنتعلم كيفية التفكير العلمي والبحث والاكتشاف.\r\n\r\nفي هذه المجموعة، سنقدم:\r\n\r\nدروس تفاعلية وممتعة في الفيزياء والكيمياء والأحياء.\r\nأنشطة وتجارب عملية لتعزيز الفهم العلمي.\r\nدعم وتشجيع من المدرسين والمشاركين.\r\nفرصة للتعاون والتعلم مع زملاء من مختلف الأعمار.\r\n\r\nاحجز مكانك الآن، وكن جزءًا من رحلة استكشاف العلوم!\r\n\r\nميزات المجموعة:\r\n\r\nمدرسين مؤهلين وذوي خبرة.\r\nدروس مخصصة لجميع المراحل العمرية.\r\nأنشطة وتجارب عملية.\r\nدعم وتشجيع من الأعضاء.\r\n\r\nماذا تنتظر؟ احجز مكانك الآن!',30),(29,'ar','رياضيات','\"أهلاً بكم في عالم الرياضيات!\r\n\r\nالرياضيات ليست مجرد أرقام وحسابات، بل هي لغة الفهم والاستكشاف. إنها أداة قوية تساعدنا على فهم العالم من حولنا، من حركة الكواكب إلى سلوك الجزيئات.\r\n\r\nفي هذا الدرس، سنستكشف معًا مفاهيم رياضية مثيرة، وسنطبقها على تحديات حقيقية. سنستخدم المنطق والتفكير النقدي لتحليل المشكلات، ونجد حلولًا إبداعية.\r\n\r\nانضم إلينا في رحلة رياضية مثيرة، حيث سنكتشف معًا كيف يمكن للرياضيات أن تغير طريقة تفكيرنا وتعزز فهمنا للعالم.\r\n\r\nماذا تنتظر؟ انضم إلينا الآن!\"',31),(30,'ar','التربيه الاسلاميه','\"أهلاً بكم في رحلة تعلم التربية الإسلامية!\r\n\r\nانضم إلينا في مجموعات التربية الإسلامية، حيث سنستكشف معًا القيم والأخلاق الإسلامية وتعلم كيفية تطبيقها في حياتنا اليومية.\r\n\r\nفي هذه المجموعة، سنقدم:\r\n\r\nدروس تفاعلية وممتعة في العقيدة والأخلاق والشريعة الإسلامية.\r\nأنشطة وتطبيقات عملية لتعزيز الفهم الإسلامي.\r\nفرصة للتفاعل مع أعضاء المجموعة ومشاركة الأفكار.\r\nدعم وتشجيع من المدرسين والمشاركين.\r\n\r\nانضم إلينا الآن، وكن جزءًا من رحلة تعلم التربية الإسلامية!\r\n\r\nميزات المجموعة:\r\n\r\nمدرسين مؤهلين وذوي خبرة.\r\nدروس مخصصة لجميع المراحل العمرية.\r\nأنشطة وتطبيقات عملية.\r\nدعم وتشجيع من الأعضاء.\r\n\r\nماذا تنتظر؟ انضم إلينا الآن!',32),(31,'ar','التربيه الاسلاميه','\"أهلاً بكم في رحلة تعلم التربية الإسلامية!\r\n\r\nانضم إلينا في مجموعات التربية الإسلامية، حيث سنستكشف معًا القيم والأخلاق الإسلامية وتعلم كيفية تطبيقها في حياتنا اليومية.\r\n\r\nفي هذه المجموعة، سنقدم:\r\n\r\nدروس تفاعلية وممتعة في العقيدة والأخلاق والشريعة الإسلامية.\r\nأنشطة وتطبيقات عملية لتعزيز الفهم الإسلامي.\r\nفرصة للتفاعل مع أعضاء المجموعة ومشاركة الأفكار.\r\nدعم وتشجيع من المدرسين والمشاركين.\r\n\r\nانضم إلينا الآن، وكن جزءًا من رحلة تعلم التربية الإسلامية!\r\n\r\nميزات المجموعة:\r\n\r\nمدرسين مؤهلين وذوي خبرة.\r\nدروس مخصصة لجميع المراحل العمرية.\r\nأنشطة وتطبيقات عملية.\r\nدعم وتشجيع من الأعضاء.\r\n\r\nماذا تنتظر؟ انضم إلينا الآن!',33),(32,'ar','التربيه الاسلاميه','\"أهلاً بكم في رحلة تعلم التربية الإسلامية!\r\n\r\nانضم إلينا في مجموعات التربية الإسلامية، حيث سنستكشف معًا القيم والأخلاق الإسلامية وتعلم كيفية تطبيقها في حياتنا اليومية.\r\n\r\nفي هذه المجموعة، سنقدم:\r\n\r\nدروس تفاعلية وممتعة في العقيدة والأخلاق والشريعة الإسلامية.\r\nأنشطة وتطبيقات عملية لتعزيز الفهم الإسلامي.\r\nفرصة للتفاعل مع أعضاء المجموعة ومشاركة الأفكار.\r\nدعم وتشجيع من المدرسين والمشاركين.\r\n\r\nانضم إلينا الآن، وكن جزءًا من رحلة تعلم التربية الإسلامية!\r\n\r\nميزات المجموعة:\r\n\r\nمدرسين مؤهلين وذوي خبرة.\r\nدروس مخصصة لجميع المراحل العمرية.\r\nأنشطة وتطبيقات عملية.\r\nدعم وتشجيع من الأعضاء.\r\n\r\nماذا تنتظر؟ انضم إلينا الآن!',34),(33,'ar','رياضيات','\"أهلاً بكم في عالم الرياضيات!\r\n\r\nالرياضيات ليست مجرد أرقام وحسابات، بل هي لغة الفهم والاستكشاف. إنها أداة قوية تساعدنا على فهم العالم من حولنا، من حركة الكواكب إلى سلوك الجزيئات.\r\n\r\nفي هذا الدرس، سنستكشف معًا مفاهيم رياضية مثيرة، وسنطبقها على تحديات حقيقية. سنستخدم المنطق والتفكير النقدي لتحليل المشكلات، ونجد حلولًا إبداعية.\r\n\r\nانضم إلينا في رحلة رياضية مثيرة، حيث سنكتشف معًا كيف يمكن للرياضيات أن تغير طريقة تفكيرنا وتعزز فهمنا للعالم.\r\n\r\nماذا تنتظر؟ انضم إلينا الآن!\"',35),(34,'ar','التربيه الاسلاميه','\"أهلاً بكم في رحلة تعلم التربية الإسلامية!\r\n\r\nانضم إلينا في مجموعات التربية الإسلامية، حيث سنستكشف معًا القيم والأخلاق الإسلامية وتعلم كيفية تطبيقها في حياتنا اليومية.\r\n\r\nفي هذه المجموعة، سنقدم:\r\n\r\nدروس تفاعلية وممتعة في العقيدة والأخلاق والشريعة الإسلامية.\r\nأنشطة وتطبيقات عملية لتعزيز الفهم الإسلامي.\r\nفرصة للتفاعل مع أعضاء المجموعة ومشاركة الأفكار.\r\nدعم وتشجيع من المدرسين والمشاركين.\r\n\r\nانضم إلينا الآن، وكن جزءًا من رحلة تعلم التربية الإسلامية!\r\n\r\nميزات المجموعة:\r\n\r\nمدرسين مؤهلين وذوي خبرة.\r\nدروس مخصصة لجميع المراحل العمرية.\r\nأنشطة وتطبيقات عملية.\r\nدعم وتشجيع من الأعضاء.\r\n\r\nماذا تنتظر؟ انضم إلينا الآن!',36),(35,'ar','لغه عربيه','\"أهلاً بكم في رحلة تعلم اللغة العربية!\r\n\r\nانضم إلينا في مجموعة دروس اللغة العربية، حيث سنستكشف معًا جمال اللغة العربية ونتعلم كيفية التحدث والكتابة بها بثقة.\r\n\r\nفي هذه المجموعة، سنقدم:\r\n\r\nدروس تفاعلية وممتعة لجميع المراحل العمرية.\r\nبرامج تعليمية مخصصة لتحقيق أهداف كل طالب.\r\nأنشطة وتطبيقات عملية لتعزيز المهارات اللغوية.\r\nدعم وتشجيع من المدرسين والمشاركين.\r\n\r\nانضم إلينا الآن، وكن جزءًا من رحلة تعلم اللغة العربية!\r\n\r\nميزات المجموعة:\r\n\r\nمدرسين مؤهلين وذوي خبرة.\r\nدروس مخصصة لجميع المراحل العمرية.\r\nأنشطة وتطبيقات عملية.\r\nدعم وتشجيع من الأعضاء.\r\n\r\nماذا تنتظر؟ انضم إلينا الآن!',37),(36,'ar','علوم','\"أهلاً بكم في رحلة استكشاف العلوم!\r\n\r\nانضم إلينا في مجموعات العلوم، حيث سنستكشف معًا أسرار الكون والطبيعة. سنتعلم كيفية التفكير العلمي والبحث والاكتشاف.\r\n\r\nفي هذه المجموعة، سنقدم:\r\n\r\nدروس تفاعلية وممتعة في الفيزياء والكيمياء والأحياء.\r\nأنشطة وتجارب عملية لتعزيز الفهم العلمي.\r\nدعم وتشجيع من المدرسين والمشاركين.\r\nفرصة للتعاون والتعلم مع زملاء من مختلف الأعمار.\r\n\r\nاحجز مكانك الآن، وكن جزءًا من رحلة استكشاف العلوم!\r\n\r\nميزات المجموعة:\r\n\r\nمدرسين مؤهلين وذوي خبرة.\r\nدروس مخصصة لجميع المراحل العمرية.\r\nأنشطة وتجارب عملية.\r\nدعم وتشجيع من الأعضاء.\r\n\r\nماذا تنتظر؟ احجز مكانك الآن!',38),(37,'ar','علوم','\"أهلاً بكم في رحلة استكشاف العلوم!\r\n\r\nانضم إلينا في مجموعات العلوم، حيث سنستكشف معًا أسرار الكون والطبيعة. سنتعلم كيفية التفكير العلمي والبحث والاكتشاف.\r\n\r\nفي هذه المجموعة، سنقدم:\r\n\r\nدروس تفاعلية وممتعة في الفيزياء والكيمياء والأحياء.\r\nأنشطة وتجارب عملية لتعزيز الفهم العلمي.\r\nدعم وتشجيع من المدرسين والمشاركين.\r\nفرصة للتعاون والتعلم مع زملاء من مختلف الأعمار.\r\n\r\nاحجز مكانك الآن، وكن جزءًا من رحلة استكشاف العلوم!\r\n\r\nميزات المجموعة:\r\n\r\nمدرسين مؤهلين وذوي خبرة.\r\nدروس مخصصة لجميع المراحل العمرية.\r\nأنشطة وتجارب عملية.\r\nدعم وتشجيع من الأعضاء.\r\n\r\nماذا تنتظر؟ احجز مكانك الآن!',39),(38,'ar','رياضيات','\"أهلاً بكم في عالم الرياضيات!\r\n\r\nالرياضيات ليست مجرد أرقام وحسابات، بل هي لغة الفهم والاستكشاف. إنها أداة قوية تساعدنا على فهم العالم من حولنا، من حركة الكواكب إلى سلوك الجزيئات.\r\n\r\nفي هذا الدرس، سنستكشف معًا مفاهيم رياضية مثيرة، وسنطبقها على تحديات حقيقية. سنستخدم المنطق والتفكير النقدي لتحليل المشكلات، ونجد حلولًا إبداعية.\r\n\r\nانضم إلينا في رحلة رياضية مثيرة، حيث سنكتشف معًا كيف يمكن للرياضيات أن تغير طريقة تفكيرنا وتعزز فهمنا للعالم.\r\n\r\nماذا تنتظر؟ انضم إلينا الآن!\"',40),(39,'ar','اللغه الانجليزيه','\"أهلاً بكم في رحلة تعلم اللغة الإنجليزية!\r\n\r\nانضم إلينا في مجموعات اللغة الإنجليزية، حيث سنستكشف معًا جمال اللغة الإنجليزية ونتعلم كيفية التحدث والكتابة بها بثقة.\r\n\r\nفي هذه المجموعة، سنقدم:\r\n\r\nدروس تفاعلية وممتعة في القواعد والنحو والصرف.\r\nأنشطة وتطبيقات عملية لتعزيز المهارات اللغوية.\r\nفرصة للتفاعل مع أعضاء المجموعة ومشاركة الأفكار.\r\nدعم وتشجيع من المدرسين والمشاركين.\r\n\r\nانضم إلينا الآن، وكن جزءًا من رحلة تعلم اللغة الإنجليزية!\r\n\r\nميزات المجموعة:\r\n\r\nمدرسين مؤهلين وذوي خبرة.\r\nدروس مخصصة لجميع المراحل العمرية.\r\nأنشطة وتطبيقات عملية.\r\nدعم وتشجيع من الأعضاء.\r\n\r\nماذا تنتظر؟ انضم إلينا الآن!',41),(40,'ar','رياضيات','\"أهلاً بكم في عالم الرياضيات!\r\n\r\nالرياضيات ليست مجرد أرقام وحسابات، بل هي لغة الفهم والاستكشاف. إنها أداة قوية تساعدنا على فهم العالم من حولنا، من حركة الكواكب إلى سلوك الجزيئات.\r\n\r\nفي هذا الدرس، سنستكشف معًا مفاهيم رياضية مثيرة، وسنطبقها على تحديات حقيقية. سنستخدم المنطق والتفكير النقدي لتحليل المشكلات، ونجد حلولًا إبداعية.\r\n\r\nانضم إلينا في رحلة رياضية مثيرة، حيث سنكتشف معًا كيف يمكن للرياضيات أن تغير طريقة تفكيرنا وتعزز فهمنا للعالم.\r\n\r\nماذا تنتظر؟ انضم إلينا الآن!\"',42),(41,'ar','التربيه الاسلاميه','\"أهلاً بكم في رحلة تعلم التربية الإسلامية!\r\n\r\nانضم إلينا في مجموعات التربية الإسلامية، حيث سنستكشف معًا القيم والأخلاق الإسلامية وتعلم كيفية تطبيقها في حياتنا اليومية.\r\n\r\nفي هذه المجموعة، سنقدم:\r\n\r\nدروس تفاعلية وممتعة في العقيدة والأخلاق والشريعة الإسلامية.\r\nأنشطة وتطبيقات عملية لتعزيز الفهم الإسلامي.\r\nفرصة للتفاعل مع أعضاء المجموعة ومشاركة الأفكار.\r\nدعم وتشجيع من المدرسين والمشاركين.\r\n\r\nانضم إلينا الآن، وكن جزءًا من رحلة تعلم التربية الإسلامية!\r\n\r\nميزات المجموعة:\r\n\r\nمدرسين مؤهلين وذوي خبرة.\r\nدروس مخصصة لجميع المراحل العمرية.\r\nأنشطة وتطبيقات عملية.\r\nدعم وتشجيع من الأعضاء.\r\n\r\nماذا تنتظر؟ انضم إلينا الآن!',43),(42,'ar','التربيه الاسلاميه','\"أهلاً بكم في رحلة تعلم التربية الإسلامية!\r\n\r\nانضم إلينا في مجموعات التربية الإسلامية، حيث سنستكشف معًا القيم والأخلاق الإسلامية وتعلم كيفية تطبيقها في حياتنا اليومية.\r\n\r\nفي هذه المجموعة، سنقدم:\r\n\r\nدروس تفاعلية وممتعة في العقيدة والأخلاق والشريعة الإسلامية.\r\nأنشطة وتطبيقات عملية لتعزيز الفهم الإسلامي.\r\nفرصة للتفاعل مع أعضاء المجموعة ومشاركة الأفكار.\r\nدعم وتشجيع من المدرسين والمشاركين.\r\n\r\nانضم إلينا الآن، وكن جزءًا من رحلة تعلم التربية الإسلامية!\r\n\r\nميزات المجموعة:\r\n\r\nمدرسين مؤهلين وذوي خبرة.\r\nدروس مخصصة لجميع المراحل العمرية.\r\nأنشطة وتطبيقات عملية.\r\nدعم وتشجيع من الأعضاء.\r\n\r\nماذا تنتظر؟ انضم إلينا الآن!',44),(43,'ar','اللغه العربيه','ك\"أهلاً بكم في رحلة تعلم اللغة العربية!\r\n\r\nانضم إلينا في مجموعة دروس اللغة العربية، حيث سنستكشف معًا جمال اللغة العربية ونتعلم كيفية التحدث والكتابة بها بثقة.\r\n\r\nفي هذه المجموعة، سنقدم:\r\n\r\nدروس تفاعلية وممتعة لجميع المراحل العمرية.\r\nبرامج تعليمية مخصصة لتحقيق أهداف كل طالب.\r\nأنشطة وتطبيقات عملية لتعزيز المهارات اللغوية.\r\nدعم وتشجيع من المدرسين والمشاركين.\r\n\r\nانضم إلينا الآن، وكن جزءًا من رحلة تعلم اللغة العربية!\r\n\r\nميزات المجموعة:\r\n\r\nمدرسين مؤهلين وذوي خبرة.\r\nدروس مخصصة لجميع المراحل العمرية.\r\nأنشطة وتطبيقات عملية.\r\nدعم وتشجيع من الأعضاء.\r\n\r\nماذا تنتظر؟ انضم إلينا الآن!',45),(44,'ar','دراسات اجتماعيه','\"أهلاً بكم في رحلة استكشاف الدراسات  الاجتماعية!\r\n\r\nانضم إلينا في مجموعة الدراسات الاجتماعية، حيث سنستكشف معًا العلاقات بين الأفراد والمجتمعات، ونفهم كيفية تشكيل الهويات والثقافات.\r\n\r\nفي هذه المجموعة، سنقدم:\r\n\r\nدروس تفاعلية وممتعة حول المواضيع الاجتماعية.\r\nأنشطة وتطبيقات عملية لتعزيز الفهم الاجتماعي.\r\nفرصة للتفاعل مع أعضاء المجموعة وتبادل الأفكار.\r\nدعم وتشجيع من المدرسين والمشاركين.\r\n\r\nانضم إلينا الآن، وكن جزءًا من رحلة استكشاف الدراسات الاجتماعية!\r\n\r\nميزات المجموعة:\r\n\r\nمدرسين مؤهلين وذوي خبرة.\r\nدروس مخصصة لجميع المراحل العمرية.\r\nأنشطة وتطبيقات عملية.\r\nدعم وتشجيع من الأعضاء.\r\n\r\nماذا تنتظر؟ انضم إلينا الآن!',46),(45,'ar','علوم','هذا وصف محفز للحجز بمجموعات العلوم باللغة العربية:\r\n\r\n\"أهلاً بكم في رحلة استكشاف العلوم!\r\n\r\nانضم إلينا في مجموعات العلوم، حيث سنستكشف معًا أسرار الكون والطبيعة. سنتعلم كيفية التفكير العلمي والبحث والاكتشاف.\r\n\r\nفي هذه المجموعة، سنقدم:\r\n\r\nدروس تفاعلية وممتعة في الفيزياء والكيمياء والأحياء.\r\nأنشطة وتجارب عملية لتعزيز الفهم العلمي.\r\nدعم وتشجيع من المدرسين والمشاركين.\r\nفرصة للتعاون والتعلم مع زملاء من مختلف الأعمار.\r\n\r\nاحجز مكانك الآن، وكن جزءًا من رحلة استكشاف العلوم!\r\n\r\nميزات المجموعة:\r\n\r\nمدرسين مؤهلين وذوي خبرة.\r\nدروس مخصصة لجميع المراحل العمرية.\r\nأنشطة وتجارب عملية.\r\nدعم وتشجيع من الأعضاء.\r\n\r\nماذا تنتظر؟ احجز مكانك الآن!',47),(46,'ar','رياضيات','\"أهلاً بكم في عالم الرياضيات!\r\n\r\nالرياضيات ليست مجرد أرقام وحسابات، بل هي لغة الفهم والاستكشاف. إنها أداة قوية تساعدنا على فهم العالم من حولنا، من حركة الكواكب إلى سلوك الجزيئات.\r\n\r\nفي هذا الدرس، سنستكشف معًا مفاهيم رياضية مثيرة، وسنطبقها على تحديات حقيقية. سنستخدم المنطق والتفكير النقدي لتحليل المشكلات، ونجد حلولًا إبداعية.\r\n\r\nانضم إلينا في رحلة رياضية مثيرة، حيث سنكتشف معًا كيف يمكن للرياضيات أن تغير طريقة تفكيرنا وتعزز فهمنا للعالم.\r\n\r\nماذا تنتظر؟ انضم إلينا الآن!\"',48),(47,'ar','اللغه العربيه','\"أهلاً بكم في رحلة تعلم اللغة العربية!\r\n\r\nانضم إلينا في مجموعة دروس اللغة العربية، حيث سنستكشف معًا جمال اللغة العربية ونتعلم كيفية التحدث والكتابة بها بثقة.\r\n\r\nفي هذه المجموعة، سنقدم:\r\n\r\nدروس تفاعلية وممتعة لجميع المراحل العمرية.\r\nبرامج تعليمية مخصصة لتحقيق أهداف كل طالب.\r\nأنشطة وتطبيقات عملية لتعزيز المهارات اللغوية.\r\nدعم وتشجيع من المدرسين والمشاركين.\r\n\r\nانضم إلينا الآن، وكن جزءًا من رحلة تعلم اللغة العربية!\r\n\r\nميزات المجموعة:\r\n\r\nمدرسين مؤهلين وذوي خبرة.\r\nدروس مخصصة لجميع المراحل العمرية.\r\nأنشطة وتطبيقات عملية.\r\nدعم وتشجيع من الأعضاء.\r\n\r\nماذا تنتظر؟ انضم إلينا الآن!',49),(48,'ar','اللغه العربيه','\"أهلاً بكم في رحلة تعلم اللغة العربية!\r\n\r\nانضم إلينا في مجموعة دروس اللغة العربية، حيث سنستكشف معًا جمال اللغة العربية ونتعلم كيفية التحدث والكتابة بها بثقة.\r\n\r\nفي هذه المجموعة، سنقدم:\r\n\r\nدروس تفاعلية وممتعة لجميع المراحل العمرية.\r\nبرامج تعليمية مخصصة لتحقيق أهداف كل طالب.\r\nأنشطة وتطبيقات عملية لتعزيز المهارات اللغوية.\r\nدعم وتشجيع من المدرسين والمشاركين.\r\n\r\nانضم إلينا الآن، وكن جزءًا من رحلة تعلم اللغة العربية!\r\n\r\nميزات المجموعة:\r\n\r\nمدرسين مؤهلين وذوي خبرة.\r\nدروس مخصصة لجميع المراحل العمرية.\r\nأنشطة وتطبيقات عملية.\r\nدعم وتشجيع من الأعضاء.\r\n\r\nماذا تنتظر؟ انضم إلينا الآن!',50),(49,'ar','دراسات اجتماعيه','\"أهلاً بكم في رحلة استكشاف الدراسات الاجتماعية!\r\n\r\nانضم إلينا في مجموعة الدراسات الاجتماعية، حيث سنستكشف معًا العلاقات بين الأفراد والمجتمعات، ونفهم كيفية تشكيل الهويات والثقافات.\r\n\r\nفي هذه المجموعة، سنقدم:\r\n\r\nدروس تفاعلية وممتعة حول المواضيع الاجتماعية.\r\nأنشطة وتطبيقات عملية لتعزيز الفهم الاجتماعي.\r\nفرصة للتفاعل مع أعضاء المجموعة وتبادل الأفكار.\r\nدعم وتشجيع من المدرسين والمشاركين.\r\n\r\nانضم إلينا الآن، وكن جزءًا من رحلة استكشاف الدراسات  الاجتماعية!\r\n\r\nميزات المجموعة:\r\n\r\nمدرسين مؤهلين وذوي خبرة.\r\nدروس مخصصة لجميع المراحل العمرية.\r\nأنشطة وتطبيقات عملية.\r\nدعم وتشجيع من الأعضاء.\r\n\r\nماذا تنتظر؟ انضم إلينا الآن!',51),(50,'ar','علوم','\"أهلاً بكم في رحلة استكشاف العلوم الاجتماعية!\r\n\r\nانضم إلينا في مجموعة الدراسات الاجتماعية، حيث سنستكشف معًا العلاقات بين الأفراد والمجتمعات، ونفهم كيفية تشكيل الهويات والثقافات.\r\n\r\nفي هذه المجموعة، سنقدم:\r\n\r\nدروس تفاعلية وممتعة حول المواضيع الاجتماعية.\r\nأنشطة وتطبيقات عملية لتعزيز الفهم الاجتماعي.\r\nفرصة للتفاعل مع أعضاء المجموعة وتبادل الأفكار.\r\nدعم وتشجيع من المدرسين والمشاركين.\r\n\r\nانضم إلينا الآن، وكن جزءًا من رحلة استكشاف العلوم الاجتماعية!\r\n\r\nميزات المجموعة:\r\n\r\nمدرسين مؤهلين وذوي خبرة.\r\nدروس مخصصة لجميع المراحل العمرية.\r\nأنشطة وتطبيقات عملية.\r\nدعم وتشجيع من الأعضاء.\r\n\r\nماذا تنتظر؟ انضم إلينا الآن!',52),(51,'ar','اللغه الانجليزيه','\"أهلاً بكم في رحلة تعلم اللغة الإنجليزية!\r\n\r\nانضم إلينا في مجموعات اللغة الإنجليزية، حيث سنستكشف معًا جمال اللغة الإنجليزية ونتعلم كيفية التحدث والكتابة بها بثقة.\r\n\r\nفي هذه المجموعة، سنقدم:\r\n\r\nدروس تفاعلية وممتعة في القواعد والنحو والصرف.\r\nأنشطة وتطبيقات عملية لتعزيز المهارات اللغوية.\r\nفرصة للتفاعل مع أعضاء المجموعة ومشاركة الأفكار.\r\nدعم وتشجيع من المدرسين والمشاركين.\r\n\r\nانضم إلينا الآن، وكن جزءًا من رحلة تعلم اللغة الإنجليزية!\r\n\r\nميزات المجموعة:\r\n\r\nمدرسين مؤهلين وذوي خبرة.\r\nدروس مخصصة لجميع المراحل العمرية.\r\nأنشطة وتطبيقات عملية.\r\nدعم وتشجيع من الأعضاء.\r\n\r\nماذا تنتظر؟ انضم إلينا الآن!',53),(58,'ar','التربيه الاسلاميه','\"أهلاً بكم في رحلة تعلم التربية الإسلامية!\r\n\r\nانضم إلينا في مجموعات التربية الإسلامية، حيث سنستكشف معًا القيم والأخلاق الإسلامية وتعلم كيفية تطبيقها في حياتنا اليومية.\r\n\r\nفي هذه المجموعة، سنقدم:\r\n\r\nدروس تفاعلية وممتعة في العقيدة والأخلاق والشريعة الإسلامية.\r\nأنشطة وتطبيقات عملية لتعزيز الفهم الإسلامي.\r\nفرصة للتفاعل مع أعضاء المجموعة ومشاركة الأفكار.\r\nدعم وتشجيع من المدرسين والمشاركين.\r\n\r\nانضم إلينا الآن، وكن جزءًا من رحلة تعلم التربية الإسلامية!\r\n\r\nميزات المجموعة:\r\n\r\nمدرسين مؤهلين وذوي خبرة.\r\nدروس مخصصة لجميع المراحل العمرية.\r\nأنشطة وتطبيقات عملية.\r\nدعم وتشجيع من الأعضاء.\r\n\r\nماذا تنتظر؟ انضم إلينا الآن!',60),(59,'ar','التربيه الاسلاميه','\"أهلاً بكم في رحلة تعلم التربية الإسلامية!\r\n\r\nانضم إلينا في مجموعات التربية الإسلامية، حيث سنستكشف معًا القيم والأخلاق الإسلامية وتعلم كيفية تطبيقها في حياتنا اليومية.\r\n\r\nفي هذه المجموعة، سنقدم:\r\n\r\nدروس تفاعلية وممتعة في العقيدة والأخلاق والشريعة الإسلامية.\r\nأنشطة وتطبيقات عملية لتعزيز الفهم الإسلامي.\r\nفرصة للتفاعل مع أعضاء المجموعة ومشاركة الأفكار.\r\nدعم وتشجيع من المدرسين والمشاركين.\r\n\r\nانضم إلينا الآن، وكن جزءًا من رحلة تعلم التربية الإسلامية!\r\n\r\nميزات المجموعة:\r\n\r\nمدرسين مؤهلين وذوي خبرة.\r\nدروس مخصصة لجميع المراحل العمرية.\r\nأنشطة وتطبيقات عملية.\r\nدعم وتشجيع من الأعضاء.\r\n\r\nماذا تنتظر؟ انضم إلينا الآن!',61),(60,'ar','التربيه الاسلاميه','\"أهلاً بكم في رحلة تعلم التربية الإسلامية!\r\n\r\nانضم إلينا في مجموعات التربية الإسلامية، حيث سنستكشف معًا القيم والأخلاق الإسلامية وتعلم كيفية تطبيقها في حياتنا اليومية.\r\n\r\nفي هذه المجموعة، سنقدم:\r\n\r\nدروس تفاعلية وممتعة في العقيدة والأخلاق والشريعة الإسلامية.\r\nأنشطة وتطبيقات عملية لتعزيز الفهم الإسلامي.\r\nفرصة للتفاعل مع أعضاء المجموعة ومشاركة الأفكار.\r\nدعم وتشجيع من المدرسين والمشاركين.\r\n\r\nانضم إلينا الآن، وكن جزءًا من رحلة تعلم التربية الإسلامية!\r\n\r\nميزات المجموعة:\r\n\r\nمدرسين مؤهلين وذوي خبرة.\r\nدروس مخصصة لجميع المراحل العمرية.\r\nأنشطة وتطبيقات عملية.\r\nدعم وتشجيع من الأعضاء.\r\n\r\nماذا تنتظر؟ انضم إلينا الآن!',62),(61,'ar','لغه عربيه','\"أهلاً بكم في رحلة تعلم اللغة العربية!\r\n\r\nانضم إلينا في مجموعة دروس اللغة العربية، حيث سنستكشف معًا جمال اللغة العربية ونتعلم كيفية التحدث والكتابة بها بثقة.\r\n\r\nفي هذه المجموعة، سنقدم:\r\n\r\nدروس تفاعلية وممتعة لجميع المراحل العمرية.\r\nبرامج تعليمية مخصصة لتحقيق أهداف كل طالب.\r\nأنشطة وتطبيقات عملية لتعزيز المهارات اللغوية.\r\nدعم وتشجيع من المدرسين والمشاركين.\r\n\r\nانضم إلينا الآن، وكن جزءًا من رحلة تعلم اللغة العربية!\r\n\r\nميزات المجموعة:\r\n\r\nمدرسين مؤهلين وذوي خبرة.\r\nدروس مخصصة لجميع المراحل العمرية.\r\nأنشطة وتطبيقات عملية.\r\nدعم وتشجيع من الأعضاء.\r\n\r\nماذا تنتظر؟ انضم إلينا الآن!',73),(63,'ar','لغه عربيه','\"أهلاً بكم في رحلة تعلم اللغة العربية!\r\n\r\nانضم إلينا في مجموعة دروس اللغة العربية، حيث سنستكشف معًا جمال اللغة العربية ونتعلم كيفية التحدث والكتابة بها بثقة.\r\n\r\nفي هذه المجموعة، سنقدم:\r\n\r\nدروس تفاعلية وممتعة لجميع المراحل العمرية.\r\nبرامج تعليمية مخصصة لتحقيق أهداف كل طالب.\r\nأنشطة وتطبيقات عملية لتعزيز المهارات اللغوية.\r\nدعم وتشجيع من المدرسين والمشاركين.\r\n\r\nانضم إلينا الآن، وكن جزءًا من رحلة تعلم اللغة العربية!\r\n\r\nميزات المجموعة:\r\n\r\nمدرسين مؤهلين وذوي خبرة.\r\nدروس مخصصة لجميع المراحل العمرية.\r\nأنشطة وتطبيقات عملية.\r\nدعم وتشجيع من الأعضاء.\r\n\r\nماذا تنتظر؟ انضم إلينا الآن!',75),(68,'ar','رياضيات','\"أهلاً بكم في عالم الرياضيات!\r\n\r\nالرياضيات ليست مجرد أرقام وحسابات، بل هي لغة الفهم والاستكشاف. إنها أداة قوية تساعدنا على فهم العالم من حولنا، من حركة الكواكب إلى سلوك الجزيئات.\r\n\r\nفي هذا الدرس، سنستكشف معًا مفاهيم رياضية مثيرة، وسنطبقها على تحديات حقيقية. سنستخدم المنطق والتفكير النقدي لتحليل المشكلات، ونجد حلولًا إبداعية.\r\n\r\nانضم إلينا في رحلة رياضية مثيرة، حيث سنكتشف معًا كيف يمكن للرياضيات أن تغير طريقة تفكيرنا وتعزز فهمنا للعالم.\r\n\r\nماذا تنتظر؟ انضم إلينا الآن!\"',80),(69,'ar','رياضيات','\"أهلاً بكم في عالم الرياضيات!\r\n\r\nالرياضيات ليست مجرد أرقام وحسابات، بل هي لغة الفهم والاستكشاف. إنها أداة قوية تساعدنا على فهم العالم من حولنا، من حركة الكواكب إلى سلوك الجزيئات.\r\n\r\nفي هذا الدرس، سنستكشف معًا مفاهيم رياضية مثيرة، وسنطبقها على تحديات حقيقية. سنستخدم المنطق والتفكير النقدي لتحليل المشكلات، ونجد حلولًا إبداعية.\r\n\r\nانضم إلينا في رحلة رياضية مثيرة، حيث سنكتشف معًا كيف يمكن للرياضيات أن تغير طريقة تفكيرنا وتعزز فهمنا للعالم.\r\n\r\nماذا تنتظر؟ انضم إلينا الآن!\"',81),(70,'ar','رياضيات','\"أهلاً بكم في عالم الرياضيات!\r\n\r\nالرياضيات ليست مجرد أرقام وحسابات، بل هي لغة الفهم والاستكشاف. إنها أداة قوية تساعدنا على فهم العالم من حولنا، من حركة الكواكب إلى سلوك الجزيئات.\r\n\r\nفي هذا الدرس، سنستكشف معًا مفاهيم رياضية مثيرة، وسنطبقها على تحديات حقيقية. سنستخدم المنطق والتفكير النقدي لتحليل المشكلات، ونجد حلولًا إبداعية.\r\n\r\nانضم إلينا في رحلة رياضية مثيرة، حيث سنكتشف معًا كيف يمكن للرياضيات أن تغير طريقة تفكيرنا وتعزز فهمنا للعالم.\r\n\r\nماذا تنتظر؟ انضم إلينا الآن!\"',82),(72,'ar','كيمياء','\"أهلاً بكم في رحلة استكشاف الكيمياء!\r\n\r\nانضم إلينا في مجموعات الكيمياء، حيث سنستكشف معًا أسرار المواد والتفاعلات الكيميائية. سنتعلم كيفية تحليل المواد وتحديد تركيبها.\r\n\r\nفي هذه المجموعة، سنقدم:\r\n\r\nدروس تفاعلية وممتعة في الكيمياء العضوية واللاعضوية.\r\nأنشطة وتجارب عملية لتعزيز الفهم الكيميائي.\r\nفرصة للتفاعل مع أعضاء المجموعة ومشاركة الأفكار.\r\nدعم وتشجيع من المدرسين والمشاركين.\r\n\r\nانضم إلينا الآن، وكن جزءًا من رحلة استكشاف الكيمياء!\r\n\r\nميزات المجموعة:\r\n\r\nمدرسين مؤهلين وذوي خبرة.\r\nدروس مخصصة لجميع المراحل العمرية.\r\nأنشطة وتجارب عملية.\r\nدعم وتشجيع من الأعضاء.\r\n\r\nماذا تنتظر؟ انضم إلينا الآن!',84),(73,'ar','كيمياء','\"أهلاً بكم في رحلة استكشاف الكيمياء!\r\n\r\nانضم إلينا في مجموعات الكيمياء، حيث سنستكشف معًا أسرار المواد والتفاعلات الكيميائية. سنتعلم كيفية تحليل المواد وتحديد تركيبها.\r\n\r\nفي هذه المجموعة، سنقدم:\r\n\r\nدروس تفاعلية وممتعة في الكيمياء العضوية واللاعضوية.\r\nأنشطة وتجارب عملية لتعزيز الفهم الكيميائي.\r\nفرصة للتفاعل مع أعضاء المجموعة ومشاركة الأفكار.\r\nدعم وتشجيع من المدرسين والمشاركين.\r\n\r\nانضم إلينا الآن، وكن جزءًا من رحلة استكشاف الكيمياء!\r\n\r\nميزات المجموعة:\r\n\r\nمدرسين مؤهلين وذوي خبرة.\r\nدروس مخصصة لجميع المراحل العمرية.\r\nأنشطة وتجارب عملية.\r\nدعم وتشجيع من الأعضاء.\r\n\r\nماذا تنتظر؟ انضم إلينا الآن!',85),(74,'ar','كيمياء','\"أهلاً بكم في رحلة استكشاف الكيمياء!\r\n\r\nانضم إلينا في مجموعات الكيمياء، حيث سنستكشف معًا أسرار المواد والتفاعلات الكيميائية. سنتعلم كيفية تحليل المواد وتحديد تركيبها.\r\n\r\nفي هذه المجموعة، سنقدم:\r\n\r\nدروس تفاعلية وممتعة في الكيمياء العضوية واللاعضوية.\r\nأنشطة وتجارب عملية لتعزيز الفهم الكيميائي.\r\nفرصة للتفاعل مع أعضاء المجموعة ومشاركة الأفكار.\r\nدعم وتشجيع من المدرسين والمشاركين.\r\n\r\nانضم إلينا الآن، وكن جزءًا من رحلة استكشاف الكيمياء!\r\n\r\nميزات المجموعة:\r\n\r\nمدرسين مؤهلين وذوي خبرة.\r\nدروس مخصصة لجميع المراحل العمرية.\r\nأنشطة وتجارب عملية.\r\nدعم وتشجيع من الأعضاء.\r\n\r\nماذا تنتظر؟ انضم إلينا الآن!',86),(75,'ar','فيزياء','\"أهلاً بكم في رحلة استكشاف الفيزياء!\r\n\r\nانضم إلينا في مجموعات الفيزياء، حيث سنستكشف معًا أسرار الكون والطاقة والحركة. سنتعلم كيفية تحليل الظواهر الفيزيائية وتحديد القوانين التي تحكمها.\r\n\r\nفي هذه المجموعة، سنقدم:\r\n\r\nدروس تفاعلية وممتعة في الميكانيكا والكهرومغناطيسية والفيزياء الحديثة.\r\nأنشطة وتجارب عملية لتعزيز الفهم الفيزيائي.\r\nفرصة للتفاعل مع أعضاء المجموعة ومشاركة الأفكار.\r\nدعم وتشجيع من المدرسين والمشاركين.\r\n\r\nانضم إلينا الآن، وكن جزءًا من رحلة استكشاف الفيزياء!\r\n\r\nميزات المجموعة:\r\n\r\nمدرسين مؤهلين وذوي خبرة.\r\nدروس مخصصة لجميع المراحل العمرية.\r\nأنشطة وتجارب عملية.\r\nدعم وتشجيع من الأعضاء.\r\n\r\nماذا تنتظر؟ انضم إلينا الآن!',87),(76,'ar','فيزياء','\"أهلاً بكم في رحلة استكشاف الفيزياء!\r\n\r\nانضم إلينا في مجموعات الفيزياء، حيث سنستكشف معًا أسرار الكون والطاقة والحركة. سنتعلم كيفية تحليل الظواهر الفيزيائية وتحديد القوانين التي تحكمها.\r\n\r\nفي هذه المجموعة، سنقدم:\r\n\r\nدروس تفاعلية وممتعة في الميكانيكا والكهرومغناطيسية والفيزياء الحديثة.\r\nأنشطة وتجارب عملية لتعزيز الفهم الفيزيائي.\r\nفرصة للتفاعل مع أعضاء المجموعة ومشاركة الأفكار.\r\nدعم وتشجيع من المدرسين والمشاركين.\r\n\r\nانضم إلينا الآن، وكن جزءًا من رحلة استكشاف الفيزياء!\r\n\r\nميزات المجموعة:\r\n\r\nمدرسين مؤهلين وذوي خبرة.\r\nدروس مخصصة لجميع المراحل العمرية.\r\nأنشطة وتجارب عملية.\r\nدعم وتشجيع من الأعضاء.\r\n\r\nماذا تنتظر؟ انضم إلينا الآن!',88),(77,'ar','فيزياء','\"أهلاً بكم في رحلة استكشاف الفيزياء!\r\n\r\nانضم إلينا في مجموعات الفيزياء، حيث سنستكشف معًا أسرار الكون والطاقة والحركة. سنتعلم كيفية تحليل الظواهر الفيزيائية وتحديد القوانين التي تحكمها.\r\n\r\nفي هذه المجموعة، سنقدم:\r\n\r\nدروس تفاعلية وممتعة في الميكانيكا والكهرومغناطيسية والفيزياء الحديثة.\r\nأنشطة وتجارب عملية لتعزيز الفهم الفيزيائي.\r\nفرصة للتفاعل مع أعضاء المجموعة ومشاركة الأفكار.\r\nدعم وتشجيع من المدرسين والمشاركين.\r\n\r\nانضم إلينا الآن، وكن جزءًا من رحلة استكشاف الفيزياء!\r\n\r\nميزات المجموعة:\r\n\r\nمدرسين مؤهلين وذوي خبرة.\r\nدروس مخصصة لجميع المراحل العمرية.\r\nأنشطة وتجارب عملية.\r\nدعم وتشجيع من الأعضاء.\r\n\r\nماذا تنتظر؟ انضم إلينا الآن!',89),(78,'ar','تاريخ','\"أهلاً بكم في رحلة استكشاف التاريخ!\r\n\r\nانضم إلينا في مجموعات التاريخ، حيث سنستكشف معًا الأحداث والثقافات والحضارات التي شكلت العالم الذي نعيشه اليوم. سنتعلم كيفية تحليل الأحداث التاريخية وتحديد تأثيرها على الحاضر.\r\n\r\nفي هذه المجموعة، سنقدم:\r\n\r\nدروس تفاعلية وممتعة حول الفترات التاريخية المختلفة.\r\nأنشطة وتطبيقات عملية لتعزيز الفهم التاريخي.\r\nفرصة للتفاعل مع أعضاء المجموعة ومشاركة الأفكار.\r\nدعم وتشجيع من المدرسين والمشاركين.\r\n\r\nانضم إلينا الآن، وكن جزءًا من رحلة استكشاف التاريخ!\r\n\r\nميزات المجموعة:\r\n\r\nمدرسين مؤهلين وذوي خبرة.\r\nدروس مخصصة لجميع المراحل العمرية.\r\nأنشطة وتطبيقات عملية.\r\nدعم وتشجيع من الأعضاء.\r\n\r\nماذا تنتظر؟ انضم إلينا الآن!',90),(80,'ar','تاريخ','\"أهلاً بكم في رحلة استكشاف التاريخ!\r\n\r\nانضم إلينا في مجموعات التاريخ، حيث سنستكشف معًا الأحداث والثقافات والحضارات التي شكلت العالم الذي نعيشه اليوم. سنتعلم كيفية تحليل الأحداث التاريخية وتحديد تأثيرها على الحاضر.\r\n\r\nفي هذه المجموعة، سنقدم:\r\n\r\nدروس تفاعلية وممتعة حول الفترات التاريخية المختلفة.\r\nأنشطة وتطبيقات عملية لتعزيز الفهم التاريخي.\r\nفرصة للتفاعل مع أعضاء المجموعة ومشاركة الأفكار.\r\nدعم وتشجيع من المدرسين والمشاركين.\r\n\r\nانضم إلينا الآن، وكن جزءًا من رحلة استكشاف التاريخ!\r\n\r\nميزات المجموعة:\r\n\r\nمدرسين مؤهلين وذوي خبرة.\r\nدروس مخصصة لجميع المراحل العمرية.\r\nأنشطة وتطبيقات عملية.\r\nدعم وتشجيع من الأعضاء.\r\n\r\nماذا تنتظر؟ انضم إلينا الآن!',92),(81,'ar','تاريخ','\"أهلاً بكم في رحلة استكشاف التاريخ!\r\n\r\nانضم إلينا في مجموعات التاريخ، حيث سنستكشف معًا الأحداث والثقافات والحضارات التي شكلت العالم الذي نعيشه اليوم. سنتعلم كيفية تحليل الأحداث التاريخية وتحديد تأثيرها على الحاضر.\r\n\r\nفي هذه المجموعة، سنقدم:\r\n\r\nدروس تفاعلية وممتعة حول الفترات التاريخية المختلفة.\r\nأنشطة وتطبيقات عملية لتعزيز الفهم التاريخي.\r\nفرصة للتفاعل مع أعضاء المجموعة ومشاركة الأفكار.\r\nدعم وتشجيع من المدرسين والمشاركين.\r\n\r\nانضم إلينا الآن، وكن جزءًا من رحلة استكشاف التاريخ!\r\n\r\nميزات المجموعة:\r\n\r\nمدرسين مؤهلين وذوي خبرة.\r\nدروس مخصصة لجميع المراحل العمرية.\r\nأنشطة وتطبيقات عملية.\r\nدعم وتشجيع من الأعضاء.\r\n\r\nماذا تنتظر؟ انضم إلينا الآن!',93),(82,'ar','جغرافيا','\"أهلاً بكم في رحلة استكشاف العالم!\r\n\r\nانضم إلينا في مجموعات الجغرافيا، حيث سنستكشف معًا الأماكن والثقافات والبيئات المختلفة حول العالم. سنتعلم كيفية تحليل العلاقات بين الإنسان والبيئة وتحديد تأثيرها على المجتمعات.\r\n\r\nفي هذه المجموعة، سنقدم:\r\n\r\nدروس تفاعلية وممتعة حول الجغرافيا الطبيعية والبشرية.\r\nأنشطة وتطبيقات عملية لتعزيز الفهم الجغرافي.\r\nفرصة للتفاعل مع أعضاء المجموعة ومشاركة الأفكار.\r\nدعم وتشجيع من المدرسين والمشاركين.\r\n\r\nانضم إلينا الآن، وكن جزءًا من رحلة استكشاف العالم!\r\n\r\nميزات المجموعة:\r\n\r\nمدرسين مؤهلين وذوي خبرة.\r\nدروس مخصصة لجميع المراحل العمرية.\r\nأنشطة وتطبيقات عملية.\r\nدعم وتشجيع من الأعضاء.\r\n\r\nماذا تنتظر؟ انضم إلينا الآن!',94),(83,'ar','جغرافيا','\"أهلاً بكم في رحلة استكشاف العالم!\r\n\r\nانضم إلينا في مجموعات الجغرافيا، حيث سنستكشف معًا الأماكن والثقافات والبيئات المختلفة حول العالم. سنتعلم كيفية تحليل العلاقات بين الإنسان والبيئة وتحديد تأثيرها على المجتمعات.\r\n\r\nفي هذه المجموعة، سنقدم:\r\n\r\nدروس تفاعلية وممتعة حول الجغرافيا الطبيعية والبشرية.\r\nأنشطة وتطبيقات عملية لتعزيز الفهم الجغرافي.\r\nفرصة للتفاعل مع أعضاء المجموعة ومشاركة الأفكار.\r\nدعم وتشجيع من المدرسين والمشاركين.\r\n\r\nانضم إلينا الآن، وكن جزءًا من رحلة استكشاف العالم!\r\n\r\nميزات المجموعة:\r\n\r\nمدرسين مؤهلين وذوي خبرة.\r\nدروس مخصصة لجميع المراحل العمرية.\r\nأنشطة وتطبيقات عملية.\r\nدعم وتشجيع من الأعضاء.\r\n\r\nماذا تنتظر؟ انضم إلينا الآن!',95),(84,'ar','جغرافيا','\"أهلاً بكم في رحلة استكشاف العالم!\r\n\r\nانضم إلينا في مجموعات الجغرافيا، حيث سنستكشف معًا الأماكن والثقافات والبيئات المختلفة حول العالم. سنتعلم كيفية تحليل العلاقات بين الإنسان والبيئة وتحديد تأثيرها على المجتمعات.\r\n\r\nفي هذه المجموعة، سنقدم:\r\n\r\nدروس تفاعلية وممتعة حول الجغرافيا الطبيعية والبشرية.\r\nأنشطة وتطبيقات عملية لتعزيز الفهم الجغرافي.\r\nفرصة للتفاعل مع أعضاء المجموعة ومشاركة الأفكار.\r\nدعم وتشجيع من المدرسين والمشاركين.\r\n\r\nانضم إلينا الآن، وكن جزءًا من رحلة استكشاف العالم!\r\n\r\nميزات المجموعة:\r\n\r\nمدرسين مؤهلين وذوي خبرة.\r\nدروس مخصصة لجميع المراحل العمرية.\r\nأنشطة وتطبيقات عملية.\r\nدعم وتشجيع من الأعضاء.\r\n\r\nماذا تنتظر؟ انضم إلينا الآن!',96),(85,'ar','اللغه الفرنسيه','\"أهلاً بكم في رحلة استكشاف اللغة الفرنسية!\r\n\r\nانضم إلينا في مجموعات اللغة الفرنسية، حيث سنستكشف معًا جمال اللغة الفرنسية ونتعلم كيفية التحدث والكتابة بها بثقة.\r\n\r\nفي هذه المجموعة، سنقدم:\r\n\r\nدروس تفاعلية وممتعة في القواعد والنحو والصرف.\r\nأنشطة وتطبيقات عملية لتعزيز المهارات اللغوية.\r\nفرصة للتفاعل مع أعضاء المجموعة ومشاركة الأفكار.\r\nدعم وتشجيع من المدرسين والمشاركين.\r\n\r\nانضم إلينا الآن، وكن جزءًا من رحلة استكشاف اللغة الفرنسية!\r\n\r\nميزات المجموعة:\r\n\r\nمدرسين مؤهلين وذوي خبرة.\r\nدروس مخصصة لجميع المراحل العمرية.\r\nأنشطة وتطبيقات عملية.\r\nدعم وتشجيع من الأعضاء.\r\n\r\nماذا تنتظر؟ انضم إلينا الآن!',97),(86,'ar','اللغه الفرنسيه','\"أهلاً بكم في رحلة استكشاف اللغة الفرنسية!\r\n\r\nانضم إلينا في مجموعات اللغة الفرنسية، حيث سنستكشف معًا جمال اللغة الفرنسية ونتعلم كيفية التحدث والكتابة بها بثقة.\r\n\r\nفي هذه المجموعة، سنقدم:\r\n\r\nدروس تفاعلية وممتعة في القواعد والنحو والصرف.\r\nأنشطة وتطبيقات عملية لتعزيز المهارات اللغوية.\r\nفرصة للتفاعل مع أعضاء المجموعة ومشاركة الأفكار.\r\nدعم وتشجيع من المدرسين والمشاركين.\r\n\r\nانضم إلينا الآن، وكن جزءًا من رحلة استكشاف اللغة الفرنسية!\r\n\r\nميزات المجموعة:\r\n\r\nمدرسين مؤهلين وذوي خبرة.\r\nدروس مخصصة لجميع المراحل العمرية.\r\nأنشطة وتطبيقات عملية.\r\nدعم وتشجيع من الأعضاء.\r\n\r\nماذا تنتظر؟ انضم إلينا الآن!',98),(87,'ar','اللغه الفرنسيه','\"أهلاً بكم في رحلة استكشاف اللغة الفرنسية!\r\n\r\nانضم إلينا في مجموعات اللغة الفرنسية، حيث سنستكشف معًا جمال اللغة الفرنسية ونتعلم كيفية التحدث والكتابة بها بثقة.\r\n\r\nفي هذه المجموعة، سنقدم:\r\n\r\nدروس تفاعلية وممتعة في القواعد والنحو والصرف.\r\nأنشطة وتطبيقات عملية لتعزيز المهارات اللغوية.\r\nفرصة للتفاعل مع أعضاء المجموعة ومشاركة الأفكار.\r\nدعم وتشجيع من المدرسين والمشاركين.\r\n\r\nانضم إلينا الآن، وكن جزءًا من رحلة استكشاف اللغة الفرنسية!\r\n\r\nميزات المجموعة:\r\n\r\nمدرسين مؤهلين وذوي خبرة.\r\nدروس مخصصة لجميع المراحل العمرية.\r\nأنشطة وتطبيقات عملية.\r\nدعم وتشجيع من الأعضاء.\r\n\r\nماذا تنتظر؟ انضم إلينا الآن!',99),(88,'ar','اللغه الالمانيه','\"أهلاً بكم في رحلة استكشاف اللغة الألمانية!\r\n\r\nانضم إلينا في مجموعات اللغة الألمانية، حيث سنستكشف معًا جمال اللغة الألمانية ونتعلم كيفية التحدث والكتابة بها بثقة.\r\n\r\nفي هذه المجموعة، سنقدم:\r\n\r\nدروس تفاعلية وممتعة في القواعد والنحو والصرف.\r\nأنشطة وتطبيقات عملية لتعزيز المهارات اللغوية.\r\nفرصة للتفاعل مع أعضاء المجموعة ومشاركة الأفكار.\r\nدعم وتشجيع من المدرسين والمشاركين.\r\n\r\nانضم إلينا الآن، وكن جزءًا من رحلة استكشاف اللغة الألمانية!\r\n\r\nميزات المجموعة:\r\n\r\nمدرسين مؤهلين وذوي خبرة.\r\nدروس مخصصة لجميع المراحل العمرية.\r\nأنشطة وتطبيقات عملية.\r\nدعم وتشجيع من الأعضاء.\r\n\r\nماذا تنتظر؟ انضم إلينا الآن!',100),(89,'ar','اللغه الالمانيه','\"أهلاً بكم في رحلة استكشاف اللغة الألمانية!\r\n\r\nانضم إلينا في مجموعات اللغة الألمانية، حيث سنستكشف معًا جمال اللغة الألمانية ونتعلم كيفية التحدث والكتابة بها بثقة.\r\n\r\nفي هذه المجموعة، سنقدم:\r\n\r\nدروس تفاعلية وممتعة في القواعد والنحو والصرف.\r\nأنشطة وتطبيقات عملية لتعزيز المهارات اللغوية.\r\nفرصة للتفاعل مع أعضاء المجموعة ومشاركة الأفكار.\r\nدعم وتشجيع من المدرسين والمشاركين.\r\n\r\nانضم إلينا الآن، وكن جزءًا من رحلة استكشاف اللغة الألمانية!\r\n\r\nميزات المجموعة:\r\n\r\nمدرسين مؤهلين وذوي خبرة.\r\nدروس مخصصة لجميع المراحل العمرية.\r\nأنشطة وتطبيقات عملية.\r\nدعم وتشجيع من الأعضاء.\r\n\r\nماذا تنتظر؟ انضم إلينا الآن!',101),(90,'ar','اللغه الالمانيه','\"أهلاً بكم في رحلة استكشاف اللغة الألمانية!\r\n\r\nانضم إلينا في مجموعات اللغة الألمانية، حيث سنستكشف معًا جمال اللغة الألمانية ونتعلم كيفية التحدث والكتابة بها بثقة.\r\n\r\nفي هذه المجموعة، سنقدم:\r\n\r\nدروس تفاعلية وممتعة في القواعد والنحو والصرف.\r\nأنشطة وتطبيقات عملية لتعزيز المهارات اللغوية.\r\nفرصة للتفاعل مع أعضاء المجموعة ومشاركة الأفكار.\r\nدعم وتشجيع من المدرسين والمشاركين.\r\n\r\nانضم إلينا الآن، وكن جزءًا من رحلة استكشاف اللغة الألمانية!\r\n\r\nميزات المجموعة:\r\n\r\nمدرسين مؤهلين وذوي خبرة.\r\nدروس مخصصة لجميع المراحل العمرية.\r\nأنشطة وتطبيقات عملية.\r\nدعم وتشجيع من الأعضاء.\r\n\r\nماذا تنتظر؟ انضم إلينا الآن!',102),(92,'ar','التربيه الاسلاميه','\"أهلاً بكم في رحلة تعلم التربية الإسلامية!\r\n\r\nانضم إلينا في مجموعات التربية الإسلامية، حيث سنستكشف معًا القيم والأخلاق الإسلامية وتعلم كيفية تطبيقها في حياتنا اليومية.\r\n\r\nفي هذه المجموعة، سنقدم:\r\n\r\nدروس تفاعلية وممتعة في العقيدة والأخلاق والشريعة الإسلامية.\r\nأنشطة وتطبيقات عملية لتعزيز الفهم الإسلامي.\r\nفرصة للتفاعل مع أعضاء المجموعة ومشاركة الأفكار.\r\nدعم وتشجيع من المدرسين والمشاركين.\r\n\r\nانضم إلينا الآن، وكن جزءًا من رحلة تعلم التربية الإسلامية!\r\n\r\nميزات المجموعة:\r\n\r\nمدرسين مؤهلين وذوي خبرة.\r\nدروس مخصصة لجميع المراحل العمرية.\r\nأنشطة وتطبيقات عملية.\r\nدعم وتشجيع من الأعضاء.\r\n\r\nماذا تنتظر؟ انضم إلينا الآن!',16);
/*!40000 ALTER TABLE `courses_coursetranslation` ENABLE KEYS */;
UNLOCK TABLES;

--
-- Table structure for table `courses_level`
--

DROP TABLE IF EXISTS `courses_level`;
/*!40101 SET @saved_cs_client     = @@character_set_client */;
/*!50503 SET character_set_client = utf8mb4 */;
CREATE TABLE `courses_level` (
  `id` bigint NOT NULL AUTO_INCREMENT,
  `name` varchar(200) NOT NULL,
  PRIMARY KEY (`id`)
) ENGINE=InnoDB AUTO_INCREMENT=9 DEFAULT CHARSET=utf8mb4 COLLATE=utf8mb4_0900_ai_ci;
/*!40101 SET character_set_client = @saved_cs_client */;

--
-- Dumping data for table `courses_level`
--

LOCK TABLES `courses_level` WRITE;
/*!40000 ALTER TABLE `courses_level` DISABLE KEYS */;
INSERT INTO `courses_level` VALUES (2,'secondary'),(3,'primary'),(5,'Preparatory'),(8,'Quran');
/*!40000 ALTER TABLE `courses_level` ENABLE KEYS */;
UNLOCK TABLES;

--
-- Table structure for table `courses_leveltranslation`
--

DROP TABLE IF EXISTS `courses_leveltranslation`;
/*!40101 SET @saved_cs_client     = @@character_set_client */;
/*!50503 SET character_set_client = utf8mb4 */;
CREATE TABLE `courses_leveltranslation` (
  `id` bigint NOT NULL AUTO_INCREMENT,
  `language` varchar(10) NOT NULL,
  `translated_name` varchar(200) NOT NULL,
  `level_id` bigint NOT NULL,
  PRIMARY KEY (`id`),
  UNIQUE KEY `courses_leveltranslation_level_id_language_af6df766_uniq` (`level_id`,`language`),
  CONSTRAINT `courses_leveltranslation_level_id_3879d82f_fk_courses_level_id` FOREIGN KEY (`level_id`) REFERENCES `courses_level` (`id`)
) ENGINE=InnoDB AUTO_INCREMENT=9 DEFAULT CHARSET=utf8mb4 COLLATE=utf8mb4_0900_ai_ci;
/*!40101 SET character_set_client = @saved_cs_client */;

--
-- Dumping data for table `courses_leveltranslation`
--

LOCK TABLES `courses_leveltranslation` WRITE;
/*!40000 ALTER TABLE `courses_leveltranslation` DISABLE KEYS */;
INSERT INTO `courses_leveltranslation` VALUES (1,'ar','ابتدائى',3),(4,'ar','ثانوي',2),(5,'ar','اعدادى',5),(8,'ar','القرآن الكريم',8);
/*!40000 ALTER TABLE `courses_leveltranslation` ENABLE KEYS */;
UNLOCK TABLES;

--
-- Table structure for table `courses_track`
--

DROP TABLE IF EXISTS `courses_track`;
/*!40101 SET @saved_cs_client     = @@character_set_client */;
/*!50503 SET character_set_client = utf8mb4 */;
CREATE TABLE `courses_track` (
  `id` bigint NOT NULL AUTO_INCREMENT,
  `name` varchar(200) NOT NULL,
  `level_id` bigint NOT NULL,
  PRIMARY KEY (`id`),
  KEY `courses_track_level_id_f98ad4c2_fk_courses_level_id` (`level_id`),
  CONSTRAINT `courses_track_level_id_f98ad4c2_fk_courses_level_id` FOREIGN KEY (`level_id`) REFERENCES `courses_level` (`id`)
) ENGINE=InnoDB AUTO_INCREMENT=23 DEFAULT CHARSET=utf8mb4 COLLATE=utf8mb4_0900_ai_ci;
/*!40101 SET character_set_client = @saved_cs_client */;

--
-- Dumping data for table `courses_track`
--

LOCK TABLES `courses_track` WRITE;
/*!40000 ALTER TABLE `courses_track` DISABLE KEYS */;
INSERT INTO `courses_track` VALUES (4,'Second grade',5),(5,'Second grade',3),(6,'Third grade',3),(7,'First grade',2),(8,'Second grade',2),(11,'Third grade',2),(12,'Fourth grade',3),(13,'Fifth grade',3),(14,'Sixth grade',3),(15,'First grade',5),(16,'First grade',3),(18,'Third grade',5),(19,'Quran for children',8),(20,'Quran for adults',8),(21,'Tajweed and recitation for adults',8),(22,'Tajweed and recitation for Kids',8);
/*!40000 ALTER TABLE `courses_track` ENABLE KEYS */;
UNLOCK TABLES;

--
-- Table structure for table `courses_tracktranslation`
--

DROP TABLE IF EXISTS `courses_tracktranslation`;
/*!40101 SET @saved_cs_client     = @@character_set_client */;
/*!50503 SET character_set_client = utf8mb4 */;
CREATE TABLE `courses_tracktranslation` (
  `id` bigint NOT NULL AUTO_INCREMENT,
  `language` varchar(10) NOT NULL,
  `translated_name` varchar(200) NOT NULL,
  `track_id` bigint NOT NULL,
  PRIMARY KEY (`id`),
  UNIQUE KEY `courses_tracktranslation_track_id_language_084cc138_uniq` (`track_id`,`language`),
  CONSTRAINT `courses_tracktranslation_track_id_5be8c0d3_fk_courses_track_id` FOREIGN KEY (`track_id`) REFERENCES `courses_track` (`id`)
) ENGINE=InnoDB AUTO_INCREMENT=21 DEFAULT CHARSET=utf8mb4 COLLATE=utf8mb4_0900_ai_ci;
/*!40101 SET character_set_client = @saved_cs_client */;

--
-- Dumping data for table `courses_tracktranslation`
--

LOCK TABLES `courses_tracktranslation` WRITE;
/*!40000 ALTER TABLE `courses_tracktranslation` DISABLE KEYS */;
INSERT INTO `courses_tracktranslation` VALUES (1,'ar','الصف الثاني',4),(2,'ar','الصف الثاني الابتدائي',5),(3,'ar','الصف الثالث',6),(5,'ar','الصف الاول',7),(6,'ar','الصف الثاني',8),(9,'ar','الصف الثالث',11),(10,'ar','الصف الرابع',12),(11,'ar','الصف الخامس',13),(12,'ar','الصف السادس',14),(13,'ar','الصف الاول',15),(14,'ar','الصف الاول',16),(16,'ar','الصف الثالث',18),(17,'ar','القرآن الكريم للاطفال',19),(18,'ar','القرآن الكريم للكبار',20),(19,'ar','تجويد و التلاوه للكبار',21),(20,'ar','تجويد و التلاوه للطفال',22);
/*!40000 ALTER TABLE `courses_tracktranslation` ENABLE KEYS */;
UNLOCK TABLES;

--
-- Table structure for table `django_admin_log`
--

DROP TABLE IF EXISTS `django_admin_log`;
/*!40101 SET @saved_cs_client     = @@character_set_client */;
/*!50503 SET character_set_client = utf8mb4 */;
CREATE TABLE `django_admin_log` (
  `id` int NOT NULL AUTO_INCREMENT,
  `action_time` datetime(6) NOT NULL,
  `object_id` longtext,
  `object_repr` varchar(200) NOT NULL,
  `action_flag` smallint unsigned NOT NULL,
  `change_message` longtext NOT NULL,
  `content_type_id` int DEFAULT NULL,
  `user_id` bigint NOT NULL,
  PRIMARY KEY (`id`),
  KEY `django_admin_log_content_type_id_c4bce8eb_fk_django_co` (`content_type_id`),
  KEY `django_admin_log_user_id_c564eba6_fk_accounts_user_id` (`user_id`),
  CONSTRAINT `django_admin_log_content_type_id_c4bce8eb_fk_django_co` FOREIGN KEY (`content_type_id`) REFERENCES `django_content_type` (`id`),
  CONSTRAINT `django_admin_log_user_id_c564eba6_fk_accounts_user_id` FOREIGN KEY (`user_id`) REFERENCES `accounts_user` (`id`),
  CONSTRAINT `django_admin_log_chk_1` CHECK ((`action_flag` >= 0))
) ENGINE=InnoDB AUTO_INCREMENT=417 DEFAULT CHARSET=utf8mb4 COLLATE=utf8mb4_0900_ai_ci;
/*!40101 SET character_set_client = @saved_cs_client */;

--
-- Dumping data for table `django_admin_log`
--

LOCK TABLES `django_admin_log` WRITE;
/*!40000 ALTER TABLE `django_admin_log` DISABLE KEYS */;
INSERT INTO `django_admin_log` VALUES (1,'2025-02-20 22:34:45.011323','1','nabbiuwny',2,'[{\"changed\": {\"fields\": [\"Name\", \"Name\", \"Visible in header (marker and name)\", \"Visible in favicon (marker)\", \"Logo\", \"Max width\", \"Max height\", \"Favicon\", \"Background color\", \"Background color\", \"Background color\", \"Active\", \"Sticky submit\", \"Sticky pagination\", \"Quick remove links for active filters at top of sidebar\", \"Fieldsets as tabs\", \"Inlines as tabs\", \"Collapsible stacked inlines\", \"Collapsible tabular inlines\"]}}]',NULL,1),(2,'2025-02-20 22:35:08.554000','1','nabbiuwny',2,'[{\"changed\": {\"fields\": [\"Title\", \"Visible\"]}}]',NULL,1),(3,'2025-02-20 22:37:01.564535','1','Ahmed Ibrahim Issa',1,'[{\"added\": {}}]',11,1),(4,'2025-02-20 22:45:06.698169','2','rewan',1,'[{\"added\": {}}]',7,1),(5,'2025-02-20 22:45:23.496518','2','rewan',2,'[{\"changed\": {\"fields\": [\"Name\", \"Staff status\", \"Superuser status\"]}}]',7,1),(6,'2025-02-20 22:47:16.400543','1','nabbiuwny',2,'[{\"changed\": {\"fields\": [\"Name\"]}}]',11,1),(7,'2025-02-20 22:51:54.605788','1','المدرسين',1,'[{\"added\": {}}]',NULL,1),(8,'2025-02-20 22:52:52.226379','3','teacher1',1,'[{\"added\": {}}]',7,1),(9,'2025-02-20 22:54:02.955321','3','sdkf skdjhf sdf',2,'[{\"changed\": {\"fields\": [\"Name\", \"Phone\", \"Image\", \"Staff status\", \"Groups\"]}}]',7,1),(10,'2025-02-21 21:48:47.057464','4','Mr_Ziad_Rashad',1,'[{\"added\": {}}]',7,2),(11,'2025-02-21 21:51:37.094552','5','Yasser_Hassam',1,'[{\"added\": {}}]',7,2),(12,'2025-02-21 21:55:19.944355','6','HOSSAM@said1994',1,'[{\"added\": {}}]',7,2),(13,'2025-02-21 21:59:29.789475','7','Asmaa_Hassan',1,'[{\"added\": {}}]',7,2),(14,'2025-02-21 22:02:18.956523','7','Asmaa_Hassan',2,'[{\"changed\": {\"fields\": [\"password\"]}}]',7,2),(15,'2025-02-21 22:07:33.037417','4','ziad rashad',2,'[{\"changed\": {\"fields\": [\"Username\", \"Name\", \"Phone\", \"Staff status\"]}}]',7,2),(16,'2025-02-21 22:08:49.988096','5','yasser hassan',2,'[{\"changed\": {\"fields\": [\"Name\", \"Phone\", \"Staff status\"]}}]',7,2),(17,'2025-02-21 22:09:59.497820','6','hossam said',2,'[{\"changed\": {\"fields\": [\"Name\", \"Phone\", \"Staff status\"]}}]',7,2),(18,'2025-02-21 22:10:47.208439','7','Asmaa_Hassan',2,'[{\"changed\": {\"fields\": [\"password\"]}}]',7,2),(19,'2025-02-21 22:12:02.333828','7','asmaa hassan',2,'[{\"changed\": {\"fields\": [\"Name\", \"Phone\", \"Staff status\"]}}]',7,2),(20,'2025-02-21 22:13:25.569614','8','Mohamed_Ibrahim',1,'[{\"added\": {}}]',7,2),(21,'2025-02-21 22:14:01.110726','8','mohamed ibrahim',2,'[{\"changed\": {\"fields\": [\"Name\", \"Phone\", \"Staff status\"]}}]',7,2),(22,'2025-02-21 22:27:43.406057','1','المدرسين',2,'[]',NULL,2),(23,'2025-02-21 22:29:16.164050','7','asmaa hassan',2,'[]',7,2),(24,'2025-02-21 22:29:35.031143','6','hossam said',2,'[]',7,2),(25,'2025-02-21 22:29:49.478796','8','mohamed ibrahim',2,'[]',7,2),(26,'2025-02-21 22:30:15.377693','5','yasser hassan',2,'[]',7,2),(27,'2025-02-21 22:30:31.189760','4','ziad rashad',2,'[]',7,2),(28,'2025-02-21 22:35:23.578717','4','ziad rashad',2,'[{\"changed\": {\"fields\": [\"Username\"]}}]',7,2),(29,'2025-02-21 23:01:55.623318','9','MrMohamedElgendy',1,'[{\"added\": {}}]',7,2),(30,'2025-02-21 23:02:52.373592','9','mr mohamed elgendy',2,'[{\"changed\": {\"fields\": [\"Name\", \"Phone\"]}}]',7,2),(31,'2025-02-21 23:03:24.357527','9','mr mohamed elgendy',2,'[{\"changed\": {\"fields\": [\"Staff status\"]}}]',7,2),(32,'2025-02-22 00:59:53.367840','10','Mohamed_Ahmed_Gaml',1,'[{\"added\": {}}]',7,2),(33,'2025-02-22 01:01:40.448148','10','Mohamed gaml',2,'[{\"changed\": {\"fields\": [\"Name\", \"Phone\", \"Staff status\"]}}]',7,2),(34,'2025-02-22 04:19:36.993366','11','Fagr',1,'[{\"added\": {}}]',7,2),(35,'2025-02-22 04:21:36.234601','11','fagr',2,'[{\"changed\": {\"fields\": [\"Name\", \"Staff status\", \"User permissions\"]}}]',7,2),(36,'2025-02-22 07:20:46.185207','12','Mohamed@Kassem1',1,'[{\"added\": {}}]',7,2),(37,'2025-02-22 07:21:47.500243','12','muhammed kasem',2,'[{\"changed\": {\"fields\": [\"Name\", \"Phone\", \"Staff status\"]}}]',7,2),(38,'2025-02-22 17:22:12.364570','13','MrAhmedAamer',1,'[{\"added\": {}}]',7,2),(39,'2025-02-22 17:23:13.436761','13','Mr Ahmed 3amer',2,'[{\"changed\": {\"fields\": [\"Name\", \"Phone\", \"Staff status\"]}}]',7,2),(40,'2025-02-22 18:03:01.981299','1','ثانوى',1,'[{\"added\": {}}]',13,1),(41,'2025-02-22 18:03:25.080225','2','اعدادى',1,'[{\"added\": {}}]',13,1),(42,'2025-02-22 18:03:40.856255','3','ابتدائى',1,'[{\"added\": {}}]',13,1),(43,'2025-02-22 18:04:27.818685','1','اولى',1,'[{\"added\": {}}]',14,1),(44,'2025-02-22 18:04:37.690616','2','تانية',1,'[{\"added\": {}}]',14,1),(45,'2025-02-22 18:05:06.177638','3','تالتة',1,'[{\"added\": {}}]',14,1),(46,'2025-02-22 18:06:34.298957','1','لغة عربية',1,'[{\"added\": {}}]',15,1),(47,'2025-02-22 22:00:19.732383','1','nabbiuwny',2,'[{\"changed\": {\"fields\": [\"Active\", \"Collapsible stacked inlines\", \"Collapsible tabular inlines\"]}}]',NULL,1),(48,'2025-02-22 22:16:01.209757','3','sdkf skdjhf sdf',2,'[]',7,1),(49,'2025-02-22 22:18:04.458450','3','primary',2,'[{\"changed\": {\"fields\": [\"Name\"]}}, {\"added\": {\"name\": \"level translation\", \"object\": \"primary - ar\"}}]',13,1),(50,'2025-02-24 16:37:14.646691','7','asmaa hassan',2,'[{\"changed\": {\"fields\": [\"Groups\"]}}]',7,2),(51,'2025-02-24 16:38:22.030695','6','hossam said',2,'[{\"changed\": {\"fields\": [\"Groups\"]}}]',7,2),(52,'2025-02-24 16:39:25.403436','10','Mohamed gaml',2,'[{\"changed\": {\"fields\": [\"Groups\"]}}]',7,2),(53,'2025-02-24 16:39:37.086189','10','Mohamed gaml',2,'[]',7,2),(54,'2025-02-24 16:41:25.979743','8','mohamed ibrahim',2,'[{\"changed\": {\"fields\": [\"Groups\"]}}]',7,2),(55,'2025-02-24 16:41:48.905013','12','muhammed kasem',2,'[{\"changed\": {\"fields\": [\"Groups\"]}}]',7,2),(56,'2025-02-24 16:43:47.820864','4','ziad rashad',2,'[{\"changed\": {\"fields\": [\"Groups\"]}}]',7,2),(57,'2025-02-24 16:44:27.393062','13','Mr Ahmed 3amer',2,'[{\"changed\": {\"fields\": [\"Groups\"]}}]',7,2),(58,'2025-02-24 16:44:43.829061','9','mr mohamed elgendy',2,'[{\"changed\": {\"fields\": [\"Groups\"]}}]',7,2),(59,'2025-02-24 16:45:05.225843','9','mr mohamed elgendy',2,'[]',7,2),(60,'2025-02-24 16:45:27.685639','5','yasser hassan',2,'[{\"changed\": {\"fields\": [\"Groups\"]}}]',7,2),(61,'2025-02-24 16:54:47.532473','4','primary',1,'[{\"added\": {}}, {\"added\": {\"name\": \"level translation\", \"object\": \"primary - ar\"}}]',13,2),(62,'2025-02-24 16:55:57.770639','1','ثانوى',2,'[{\"added\": {\"name\": \"level translation\", \"object\": \"\\u062b\\u0627\\u0646\\u0648\\u0649 - Ar\"}}]',13,2),(63,'2025-02-25 10:45:46.027307','4','primary',3,'',13,2),(64,'2025-02-25 10:56:08.653662','4','First grade',1,'[{\"added\": {}}, {\"added\": {\"name\": \"track translation\", \"object\": \"First grade - ar\"}}]',14,2),(65,'2025-02-25 10:57:39.951415','5','Second grade of primary',1,'[{\"added\": {}}, {\"added\": {\"name\": \"track translation\", \"object\": \"Second grade of primary - ar\"}}]',14,2),(66,'2025-02-25 11:01:01.027996','6','Third grade',1,'[{\"added\": {}}, {\"added\": {\"name\": \"track translation\", \"object\": \"Third grade - ar\"}}]',14,2),(67,'2025-02-25 11:01:22.079453','5','Second grade',2,'[{\"changed\": {\"fields\": [\"Name\"]}}]',14,2),(68,'2025-02-25 11:02:16.062278','1','first grade',2,'[{\"changed\": {\"fields\": [\"Name\"]}}, {\"added\": {\"name\": \"track translation\", \"object\": \"first grade - ar\"}}]',14,2),(69,'2025-02-25 11:02:47.087789','1','first grade',2,'[]',14,2),(70,'2025-02-25 11:04:49.376504','7','First grade',1,'[{\"added\": {}}, {\"added\": {\"name\": \"track translation\", \"object\": \"First grade - ar\"}}]',14,2),(71,'2025-02-25 11:08:18.784927','8','Second grade',1,'[{\"added\": {}}, {\"added\": {\"name\": \"track translation\", \"object\": \"Second grade - ar\"}}]',14,2),(72,'2025-02-25 11:10:21.974162','9','Third grade',1,'[{\"added\": {}}, {\"added\": {\"name\": \"track translation\", \"object\": \"Third grade - ar\"}}]',14,2),(73,'2025-02-25 11:11:31.253021','3','تالتة',3,'',14,2),(74,'2025-02-25 11:12:18.760964','2','تانية',3,'',14,2),(75,'2025-02-25 11:15:44.001985','10','Second grade',1,'[{\"added\": {}}, {\"added\": {\"name\": \"track translation\", \"object\": \"Second grade - ar\"}}]',14,2),(76,'2025-02-25 11:16:22.344275','11','Third grade',1,'[{\"added\": {}}, {\"added\": {\"name\": \"track translation\", \"object\": \"Third grade - ar\"}}]',14,2),(77,'2025-02-25 11:17:29.818127','12','Fourth grade',1,'[{\"added\": {}}, {\"added\": {\"name\": \"track translation\", \"object\": \"Fourth grade - ar\"}}]',14,2),(78,'2025-02-25 11:18:22.076643','13','Fifth grade',1,'[{\"added\": {}}, {\"added\": {\"name\": \"track translation\", \"object\": \"Fifth grade - ar\"}}]',14,2),(79,'2025-02-25 11:20:14.694181','14','Sixth grade',1,'[{\"added\": {}}, {\"added\": {\"name\": \"track translation\", \"object\": \"Sixth grade - ar\"}}]',14,2),(80,'2025-02-25 11:31:14.116446','1','arabic',2,'[{\"changed\": {\"fields\": [\"Name\"]}}, {\"added\": {\"name\": \"course translation\", \"object\": \"arabic - ar\"}}]',15,2),(89,'2025-02-25 12:34:03.763585','2','secondary',2,'[{\"changed\": {\"fields\": [\"Name\"]}}, {\"added\": {\"name\": \"level translation\", \"object\": \"secondary - ar\"}}]',13,1),(90,'2025-02-25 12:34:23.672779','1','ثانوى',3,'',13,1),(91,'2025-02-25 12:38:38.733413','5','gggg',1,'[{\"added\": {}}, {\"added\": {\"name\": \"level translation\", \"object\": \"gggg - ar\"}}]',13,1),(92,'2025-02-25 13:13:06.197429','15','mr_emad',1,'[{\"added\": {}}]',7,2),(93,'2025-02-25 13:13:38.919912','15','mr emad',2,'[{\"changed\": {\"fields\": [\"Name\", \"Phone\", \"Staff status\", \"Groups\"]}}]',7,2),(94,'2025-02-25 13:14:24.689182','11','fagr',3,'',7,2),(97,'2025-02-26 15:25:02.243934','5','Preparatory',2,'[{\"changed\": {\"fields\": [\"Name\"]}}]',13,2),(98,'2025-02-26 16:31:19.974480','2','arabic',1,'[{\"added\": {}}]',15,2),(99,'2025-03-01 21:38:01.898794','1','nabbiuwny',2,'[{\"changed\": {\"fields\": [\"Active\"]}}]',NULL,1),(100,'2025-03-04 16:59:17.299631','5','yasser hassan',3,'',7,2),(101,'2025-03-04 16:59:29.076161','4','ziad rashad',3,'',7,2),(102,'2025-03-04 16:59:41.946511','8','mohamed ibrahim',3,'',7,2),(103,'2025-03-04 17:03:22.483787','14','Ahmed Basiony',3,'',7,2),(104,'2025-03-04 17:03:39.171734','3','sdkf skdjhf sdf',3,'',7,2),(105,'2025-03-05 14:20:26.817674','2','Preparatory | Fifth grade | arabic',2,'[{\"changed\": {\"fields\": [\"Track\"]}}, {\"added\": {\"name\": \"course translation\", \"object\": \"arabic - ar\"}}]',15,2),(106,'2025-03-05 14:25:07.451121','6','اسااس',1,'[{\"added\": {}}]',13,2),(107,'2025-03-05 14:33:05.707363','3','Preparatory | First grade | English',1,'[{\"added\": {}}, {\"added\": {\"name\": \"course translation\", \"object\": \"English - ar\"}}]',15,2),(108,'2025-03-05 14:33:06.806124','4','Preparatory | First grade | English',1,'[{\"added\": {}}, {\"added\": {\"name\": \"course translation\", \"object\": \"English - ar\"}}]',15,2),(109,'2025-03-05 14:33:53.089064','3','Preparatory | First grade | English',2,'[]',15,2),(110,'2025-03-05 14:45:21.098408','4','Preparatory | First grade | English',2,'[]',15,2),(111,'2025-03-05 14:45:23.138815','4','Preparatory | First grade | English',2,'[]',15,2),(112,'2025-03-05 14:45:47.144579','2','Preparatory | First grade | arabic',2,'[{\"changed\": {\"fields\": [\"Track\"]}}]',15,2),(113,'2025-03-05 14:46:12.446765','3','Preparatory | Second grade | English',2,'[{\"changed\": {\"fields\": [\"Track\"]}}]',15,2),(114,'2025-03-05 14:51:07.916107','5','Preparatory | Third grade | English',1,'[{\"added\": {}}, {\"added\": {\"name\": \"course translation\", \"object\": \"English - ar\"}}]',15,2),(115,'2025-03-05 14:51:08.885260','6','Preparatory | Third grade | English',1,'[{\"added\": {}}, {\"added\": {\"name\": \"course translation\", \"object\": \"English - ar\"}}]',15,2),(116,'2025-03-05 14:51:38.907637','6','Preparatory | Fourth grade | English',2,'[{\"changed\": {\"fields\": [\"Track\"]}}]',15,2),(117,'2025-03-05 14:52:32.247412','7','Preparatory | Fifth grade | English',1,'[{\"added\": {}}, {\"added\": {\"name\": \"course translation\", \"object\": \"English - ar\"}}]',15,2),(118,'2025-03-05 14:52:34.241033','8','Preparatory | Fifth grade | English',1,'[{\"added\": {}}, {\"added\": {\"name\": \"course translation\", \"object\": \"English - ar\"}}]',15,2),(119,'2025-03-05 14:53:04.048960','9','Preparatory | Sixth grade | English',1,'[{\"added\": {}}]',15,2),(120,'2025-03-05 15:00:21.443664','6','basic',2,'[{\"changed\": {\"fields\": [\"Name\"]}}, {\"added\": {\"name\": \"level translation\", \"object\": \"basic - ar\"}}]',13,1),(121,'2025-03-05 15:29:28.806239','15','primary | First grade',1,'[{\"added\": {}}, {\"added\": {\"name\": \"track translation\", \"object\": \"First grade - ar\"}}]',14,2),(122,'2025-03-05 15:29:30.084821','16','primary | First grade',1,'[{\"added\": {}}, {\"added\": {\"name\": \"track translation\", \"object\": \"First grade - ar\"}}]',14,2),(123,'2025-03-05 15:32:47.538416','15','Preparatory | First grade',2,'[{\"changed\": {\"fields\": [\"Level\"]}}]',14,2),(124,'2025-03-05 15:51:03.889492','4','Preparatory | Second grade',2,'[{\"changed\": {\"fields\": [\"Name\", \"Level\"]}}, {\"changed\": {\"name\": \"track translation\", \"object\": \"Second grade - ar\", \"fields\": [\"Translated name\"]}}]',14,2),(125,'2025-03-05 15:51:36.144489','17','Preparatory | Third grade',1,'[{\"added\": {}}, {\"added\": {\"name\": \"track translation\", \"object\": \"Third grade - ar\"}}]',14,2),(126,'2025-03-05 15:51:37.573686','18','Preparatory | Third grade',1,'[{\"added\": {}}, {\"added\": {\"name\": \"track translation\", \"object\": \"Third grade - ar\"}}]',14,2),(127,'2025-03-05 15:52:08.211497','17','Preparatory | Third grade',3,'',14,2),(128,'2025-03-05 15:53:38.667434','9','primary | Sixth grade | English',2,'[{\"changed\": {\"fields\": [\"Level\"]}}]',15,2),(129,'2025-03-05 15:54:02.315743','8','primary | Fifth grade | English',2,'[{\"changed\": {\"fields\": [\"Level\"]}}]',15,2),(130,'2025-03-05 15:55:14.634322','7','primary | First grade | English',2,'[{\"changed\": {\"fields\": [\"Level\", \"Track\"]}}]',15,2),(131,'2025-03-05 15:55:18.614051','7','primary | First grade | English',2,'[]',15,2),(132,'2025-03-05 15:55:21.956821','7','primary | First grade | English',2,'[]',15,2),(133,'2025-03-05 15:56:18.360874','6','primary | Fourth grade | English',2,'[{\"changed\": {\"fields\": [\"Level\"]}}]',15,2),(134,'2025-03-05 15:56:43.259532','5','primary | Third grade | English',2,'[{\"changed\": {\"fields\": [\"Level\"]}}]',15,2),(135,'2025-03-05 15:57:00.966460','3','primary | Second grade | English',2,'[{\"changed\": {\"fields\": [\"Level\"]}}]',15,2),(136,'2025-03-05 16:01:01.339356','10','primary | First grade | arabic',1,'[{\"added\": {}}]',15,2),(137,'2025-03-05 16:01:37.277072','10','primary | First grade | arabic',2,'[{\"added\": {\"name\": \"course translation\", \"object\": \"arabic - ar\"}}]',15,2),(138,'2025-03-05 16:04:17.923208','10','primary | First grade | arabic',2,'[]',15,2),(139,'2025-03-05 16:04:19.833980','10','primary | First grade | arabic',2,'[]',15,2),(140,'2025-03-05 16:08:43.177295','11','primary | First grade | Math',1,'[{\"added\": {}}, {\"added\": {\"name\": \"course translation\", \"object\": \"Math - ar\"}}]',15,2),(141,'2025-03-05 16:12:35.431835','12','primary | First grade | Quran',1,'[{\"added\": {}}, {\"added\": {\"name\": \"course translation\", \"object\": \"Quran - ar\"}}]',15,2),(142,'2025-03-05 16:13:01.780248','12','primary | First grade | Quran',2,'[{\"changed\": {\"name\": \"course translation\", \"object\": \"Quran - ar\", \"fields\": [\"Translated name\"]}}]',15,2),(143,'2025-03-05 16:13:02.529977','12','primary | First grade | Quran',2,'[]',15,2),(144,'2025-03-05 16:16:25.864273','13','primary | Second grade | arabic',1,'[{\"added\": {}}, {\"added\": {\"name\": \"course translation\", \"object\": \"arabic - ar\"}}]',15,2),(145,'2025-03-05 16:16:27.774085','14','primary | Second grade | arabic',1,'[{\"added\": {}}, {\"added\": {\"name\": \"course translation\", \"object\": \"arabic - ar\"}}]',15,2),(146,'2025-03-05 16:17:17.398674','14','primary | Second grade | arabic',3,'',15,2),(147,'2025-03-05 16:20:06.911376','15','primary | Second grade | Math',1,'[{\"added\": {}}, {\"added\": {\"name\": \"course translation\", \"object\": \"Math - ar\"}}]',15,2),(148,'2025-03-05 16:21:01.643853','16','primary | Second grade | Quran',1,'[{\"added\": {}}]',15,2),(149,'2025-03-05 16:24:58.435635','17','primary | Third grade | Math',1,'[{\"added\": {}}, {\"added\": {\"name\": \"course translation\", \"object\": \"Math - ar\"}}]',15,2),(150,'2025-03-05 16:26:42.779404','18','primary | Third grade | Quran',1,'[{\"added\": {}}, {\"added\": {\"name\": \"course translation\", \"object\": \"Quran - ar\"}}]',15,2),(151,'2025-03-05 16:30:08.549946','2','Preparatory | Second grade | arabic',2,'[{\"changed\": {\"fields\": [\"Description\"]}}, {\"changed\": {\"name\": \"course translation\", \"object\": \"arabic - ar\", \"fields\": [\"Translated description\"]}}]',15,2),(152,'2025-03-05 16:33:04.031093','19','primary | Third grade | Arabic',1,'[{\"added\": {}}, {\"added\": {\"name\": \"course translation\", \"object\": \"Arabic - ar\"}}]',15,2),(153,'2025-03-05 17:56:50.632767','20','primary | Fourth grade | Arabic',1,'[{\"added\": {}}, {\"added\": {\"name\": \"course translation\", \"object\": \"Arabic - ar\"}}]',15,2),(154,'2025-03-05 17:56:52.597105','21','primary | Fourth grade | Arabic',1,'[{\"added\": {}}, {\"added\": {\"name\": \"course translation\", \"object\": \"Arabic - ar\"}}]',15,2),(155,'2025-03-05 17:58:52.532326','20','primary | Fourth grade | Math',2,'[{\"changed\": {\"fields\": [\"Name\", \"Description\"]}}, {\"changed\": {\"name\": \"course translation\", \"object\": \"Math - ar\", \"fields\": [\"Translated name\", \"Translated description\"]}}]',15,2),(156,'2025-03-05 18:00:27.011519','22','primary | Fourth grade | Quran',1,'[{\"added\": {}}, {\"added\": {\"name\": \"course translation\", \"object\": \"Quran - ar\"}}]',15,2),(157,'2025-03-05 18:16:19.632616','23','primary | Fourth grade | Social studies',1,'[{\"added\": {}}, {\"added\": {\"name\": \"course translation\", \"object\": \"Social studies - ar\"}}]',15,2),(158,'2025-03-05 20:44:15.240318','1','imad',2,'[{\"changed\": {\"fields\": [\"password\"]}}]',7,2),(159,'2025-03-05 21:38:00.436195','6','basic',3,'',13,2),(160,'2025-03-05 21:42:09.187357','24','primary | Fourth grade | science',1,'[{\"added\": {}}, {\"added\": {\"name\": \"course translation\", \"object\": \"science - ar\"}}]',15,2),(161,'2025-03-05 21:45:45.130710','25','primary | Fifth grade | Social studies',1,'[{\"added\": {}}, {\"added\": {\"name\": \"course translation\", \"object\": \"Social studies - ar\"}}]',15,2),(162,'2025-03-05 21:47:10.469665','26','primary | Sixth grade | Social studies',1,'[{\"added\": {}}, {\"added\": {\"name\": \"course translation\", \"object\": \"Social studies - ar\"}}]',15,2),(163,'2025-03-05 21:49:34.610370','27','Preparatory | First grade | Social studies',1,'[{\"added\": {}}, {\"added\": {\"name\": \"course translation\", \"object\": \"Social studies - ar\"}}]',15,2),(164,'2025-03-05 21:49:36.447324','28','Preparatory | First grade | Social studies',1,'[{\"added\": {}}, {\"added\": {\"name\": \"course translation\", \"object\": \"Social studies - ar\"}}]',15,2),(165,'2025-03-05 21:52:43.096789','29','primary | Fifth grade | Arabic',1,'[{\"added\": {}}]',15,2),(166,'2025-03-05 21:53:50.499855','29','primary | Fifth grade | Arabic',2,'[{\"added\": {\"name\": \"course translation\", \"object\": \"Arabic - ar\"}}]',15,2),(167,'2025-03-05 21:56:52.949928','30','primary | Fifth grade | science',1,'[{\"added\": {}}, {\"added\": {\"name\": \"course translation\", \"object\": \"science - ar\"}}]',15,2),(168,'2025-03-05 21:59:12.256390','31','primary | Fifth grade | Math',1,'[{\"added\": {}}, {\"added\": {\"name\": \"course translation\", \"object\": \"Math - ar\"}}]',15,2),(169,'2025-03-05 22:01:51.498575','32','primary | Fifth grade | Quran',1,'[{\"added\": {}}, {\"added\": {\"name\": \"course translation\", \"object\": \"Quran - ar\"}}]',15,2),(170,'2025-03-05 22:02:59.328522','33','primary | Fourth grade | Quran',1,'[{\"added\": {}}, {\"added\": {\"name\": \"course translation\", \"object\": \"Quran - ar\"}}]',15,2),(171,'2025-03-05 22:03:01.464273','34','primary | Fourth grade | Quran',1,'[{\"added\": {}}, {\"added\": {\"name\": \"course translation\", \"object\": \"Quran - ar\"}}]',15,2),(172,'2025-03-05 22:03:47.448854','33','Preparatory | First grade | Quran',2,'[{\"changed\": {\"fields\": [\"Level\", \"Track\"]}}]',15,2),(173,'2025-03-05 22:07:18.848744','35','primary | Sixth grade | Math',1,'[{\"added\": {}}, {\"added\": {\"name\": \"course translation\", \"object\": \"Math - ar\"}}]',15,2),(174,'2025-03-05 22:08:48.378059','36','primary | Sixth grade | Quran',1,'[{\"added\": {}}, {\"added\": {\"name\": \"course translation\", \"object\": \"Quran - ar\"}}]',15,2),(175,'2025-03-05 22:11:23.253564','37','primary | Sixth grade | Arabic',1,'[{\"added\": {}}, {\"added\": {\"name\": \"course translation\", \"object\": \"Arabic - ar\"}}]',15,2),(176,'2025-03-05 22:14:48.290720','38','primary | Sixth grade | science',1,'[{\"added\": {}}, {\"added\": {\"name\": \"course translation\", \"object\": \"science - ar\"}}]',15,2),(177,'2025-03-05 22:14:53.833307','39','primary | Sixth grade | science',1,'[{\"added\": {}}, {\"added\": {\"name\": \"course translation\", \"object\": \"science - ar\"}}]',15,2),(178,'2025-03-05 22:15:31.641543','38','Preparatory | First grade | science',2,'[{\"changed\": {\"fields\": [\"Level\", \"Track\"]}}]',15,2),(179,'2025-03-05 22:15:36.428329','38','Preparatory | First grade | science',2,'[]',15,2),(180,'2025-03-05 22:17:04.858268','27','Preparatory | Second grade | Social studies',2,'[{\"changed\": {\"fields\": [\"Track\"]}}]',15,2),(181,'2025-03-05 22:17:07.488746','27','Preparatory | Second grade | Social studies',2,'[]',15,2),(182,'2025-03-05 22:17:08.740913','27','Preparatory | Second grade | Social studies',2,'[]',15,2),(183,'2025-03-05 22:21:37.841927','40','primary | Sixth grade | Math',1,'[{\"added\": {}}, {\"added\": {\"name\": \"course translation\", \"object\": \"Math - ar\"}}]',15,2),(184,'2025-03-05 22:22:33.418011','40','Preparatory | First grade | Math',2,'[{\"changed\": {\"fields\": [\"Level\", \"Track\"]}}]',15,2),(185,'2025-03-05 22:26:42.339649','2','Preparatory | First grade | arabic',2,'[{\"changed\": {\"fields\": [\"Track\"]}}]',15,2),(186,'2025-03-05 22:29:43.087146','41','Preparatory | First grade | English',1,'[{\"added\": {}}, {\"added\": {\"name\": \"course translation\", \"object\": \"English - ar\"}}]',15,2),(187,'2025-03-05 22:34:09.411261','42','Preparatory | First grade | Math',1,'[{\"added\": {}}, {\"added\": {\"name\": \"course translation\", \"object\": \"Math - ar\"}}]',15,2),(188,'2025-03-05 22:34:44.001291','42','Preparatory | Second grade | Math',2,'[{\"changed\": {\"fields\": [\"Track\"]}}]',15,2),(189,'2025-03-05 22:36:29.888936','43','Preparatory | Second grade | Quran',1,'[{\"added\": {}}, {\"added\": {\"name\": \"course translation\", \"object\": \"Quran - ar\"}}]',15,2),(190,'2025-03-05 22:36:31.666316','44','Preparatory | Second grade | Quran',1,'[{\"added\": {}}, {\"added\": {\"name\": \"course translation\", \"object\": \"Quran - ar\"}}]',15,2),(191,'2025-03-05 22:37:00.460568','43','Preparatory | Third grade | Quran',2,'[{\"changed\": {\"fields\": [\"Track\"]}}]',15,2),(192,'2025-03-05 22:38:43.292201','45','Preparatory | Second grade | Arabic',1,'[{\"added\": {}}, {\"added\": {\"name\": \"course translation\", \"object\": \"Arabic - ar\"}}]',15,2),(193,'2025-03-05 22:41:12.488775','46','Preparatory | Second grade | Social studies',1,'[{\"added\": {}}, {\"added\": {\"name\": \"course translation\", \"object\": \"Social studies - ar\"}}]',15,2),(194,'2025-03-05 22:43:34.499497','47','Preparatory | Second grade | science',1,'[{\"added\": {}}, {\"added\": {\"name\": \"course translation\", \"object\": \"science - ar\"}}]',15,2),(195,'2025-03-05 22:47:16.744748','48','Preparatory | Third grade | Math',1,'[{\"added\": {}}, {\"added\": {\"name\": \"course translation\", \"object\": \"Math - ar\"}}]',15,2),(196,'2025-03-05 22:49:04.192857','49','Preparatory | Third grade | Arabic',1,'[{\"added\": {}}, {\"added\": {\"name\": \"course translation\", \"object\": \"Arabic - ar\"}}]',15,2),(197,'2025-03-05 22:49:06.949671','50','Preparatory | Third grade | Arabic',1,'[{\"added\": {}}, {\"added\": {\"name\": \"course translation\", \"object\": \"Arabic - ar\"}}]',15,2),(198,'2025-03-05 22:49:34.923573','50','secondary | First grade | Arabic',2,'[{\"changed\": {\"fields\": [\"Level\", \"Track\"]}}]',15,2),(199,'2025-03-05 22:52:39.267063','51','Preparatory | Third grade | Social studies',1,'[{\"added\": {}}, {\"added\": {\"name\": \"course translation\", \"object\": \"Social studies - ar\"}}]',15,2),(200,'2025-03-05 22:56:46.804235','52','Preparatory | Third grade | science',1,'[{\"added\": {}}, {\"added\": {\"name\": \"course translation\", \"object\": \"science - ar\"}}]',15,2),(201,'2025-03-05 22:59:29.979958','53','Preparatory | Third grade | English',1,'[{\"added\": {}}, {\"added\": {\"name\": \"course translation\", \"object\": \"English - ar\"}}]',15,2),(202,'2025-03-05 23:02:31.671625','54','secondary | First grade | Math',1,'[{\"added\": {}}, {\"added\": {\"name\": \"course translation\", \"object\": \"Math - ar\"}}]',15,2),(203,'2025-03-05 23:02:34.636713','55','secondary | First grade | Math',1,'[{\"added\": {}}, {\"added\": {\"name\": \"course translation\", \"object\": \"Math - ar\"}}]',15,2),(204,'2025-03-05 23:02:39.010612','56','secondary | First grade | Math',1,'[{\"added\": {}}, {\"added\": {\"name\": \"course translation\", \"object\": \"Math - ar\"}}]',15,2),(205,'2025-03-05 23:03:09.084750','55','secondary | Second grade | Math',2,'[{\"changed\": {\"fields\": [\"Track\"]}}]',15,2),(206,'2025-03-05 23:03:10.579393','55','secondary | Second grade | Math',2,'[]',15,2),(207,'2025-03-05 23:04:15.710785','54','secondary | Third grade | Math',2,'[{\"changed\": {\"fields\": [\"Track\"]}}]',15,2),(208,'2025-03-05 23:06:33.461079','57','secondary | First grade | Quran',1,'[{\"added\": {}}, {\"added\": {\"name\": \"course translation\", \"object\": \"Quran - ar\"}}]',15,2),(209,'2025-03-05 23:06:34.066697','58','secondary | First grade | Quran',1,'[{\"added\": {}}, {\"added\": {\"name\": \"course translation\", \"object\": \"Quran - ar\"}}]',15,2),(210,'2025-03-05 23:06:35.326797','59','secondary | First grade | Quran',1,'[{\"added\": {}}, {\"added\": {\"name\": \"course translation\", \"object\": \"Quran - ar\"}}]',15,2),(211,'2025-03-05 23:06:36.006273','60','secondary | First grade | Quran',1,'[{\"added\": {}}, {\"added\": {\"name\": \"course translation\", \"object\": \"Quran - ar\"}}]',15,2),(212,'2025-03-05 23:06:36.641433','61','secondary | First grade | Quran',1,'[{\"added\": {}}, {\"added\": {\"name\": \"course translation\", \"object\": \"Quran - ar\"}}]',15,2),(213,'2025-03-05 23:06:37.505543','62','secondary | First grade | Quran',1,'[{\"added\": {}}, {\"added\": {\"name\": \"course translation\", \"object\": \"Quran - ar\"}}]',15,2),(214,'2025-03-05 23:07:08.646494','59','secondary | First grade | Quran',3,'',15,2),(215,'2025-03-05 23:07:08.683846','58','secondary | First grade | Quran',3,'',15,2),(216,'2025-03-05 23:07:08.719235','57','secondary | First grade | Quran',3,'',15,2),(217,'2025-03-05 23:07:29.293925','60','secondary | Second grade | Quran',2,'[{\"changed\": {\"fields\": [\"Track\"]}}]',15,2),(218,'2025-03-05 23:07:47.531215','61','secondary | Third grade | Quran',2,'[{\"changed\": {\"fields\": [\"Track\"]}}]',15,2),(219,'2025-03-05 23:08:25.548736','50','secondary | First grade | Arabic',2,'[]',15,2),(220,'2025-03-05 23:08:26.271315','50','secondary | First grade | Arabic',2,'[]',15,2),(221,'2025-03-05 23:09:59.473981','63','secondary | First grade | Social studies',1,'[{\"added\": {}}]',15,2),(222,'2025-03-05 23:10:01.390842','64','secondary | First grade | Social studies',1,'[{\"added\": {}}]',15,2),(223,'2025-03-05 23:10:01.988609','65','secondary | First grade | Social studies',1,'[{\"added\": {}}]',15,2),(224,'2025-03-05 23:10:02.630049','66','secondary | First grade | Social studies',1,'[{\"added\": {}}]',15,2),(225,'2025-03-05 23:10:03.483487','67','secondary | First grade | Social studies',1,'[{\"added\": {}}]',15,2),(226,'2025-03-05 23:10:04.469184','68','secondary | First grade | Social studies',1,'[{\"added\": {}}]',15,2),(227,'2025-03-05 23:10:05.966251','69','secondary | First grade | Social studies',1,'[{\"added\": {}}]',15,2),(228,'2025-03-05 23:10:06.747014','70','secondary | First grade | Social studies',1,'[{\"added\": {}}]',15,2),(229,'2025-03-05 23:10:09.139792','71','secondary | First grade | Social studies',1,'[{\"added\": {}}]',15,2),(230,'2025-03-05 23:10:09.764590','72','secondary | First grade | Social studies',1,'[{\"added\": {}}]',15,2),(231,'2025-03-05 23:10:34.787332','72','secondary | First grade | Social studies',3,'',15,2),(232,'2025-03-05 23:10:34.822125','71','secondary | First grade | Social studies',3,'',15,2),(233,'2025-03-05 23:10:34.858520','70','secondary | First grade | Social studies',3,'',15,2),(234,'2025-03-05 23:10:34.897931','69','secondary | First grade | Social studies',3,'',15,2),(235,'2025-03-05 23:10:34.937062','68','secondary | First grade | Social studies',3,'',15,2),(236,'2025-03-05 23:10:34.972974','67','secondary | First grade | Social studies',3,'',15,2),(237,'2025-03-05 23:10:35.007267','66','secondary | First grade | Social studies',3,'',15,2),(238,'2025-03-05 23:11:49.623576','64','secondary | Second grade | Social studies',2,'[{\"changed\": {\"fields\": [\"Track\"]}}]',15,2),(239,'2025-03-05 23:12:32.817397','63','secondary | Third grade | Social studies',2,'[{\"changed\": {\"fields\": [\"Track\"]}}]',15,2),(240,'2025-03-05 23:15:42.400956','65','secondary | First grade | Social studies',3,'',15,2),(241,'2025-03-05 23:15:42.443736','64','secondary | Second grade | Social studies',3,'',15,2),(242,'2025-03-05 23:15:42.482665','63','secondary | Third grade | Social studies',3,'',15,2),(243,'2025-03-05 23:17:18.647010','56','secondary | First grade | Math',3,'',15,2),(244,'2025-03-05 23:17:18.688617','55','secondary | Second grade | Math',3,'',15,2),(245,'2025-03-05 23:17:18.726311','54','secondary | Third grade | Math',3,'',15,2),(246,'2025-03-05 23:29:24.311154','73','secondary | Second grade | Arabic',1,'[{\"added\": {}}, {\"added\": {\"name\": \"course translation\", \"object\": \"Arabic - ar\"}}]',15,2),(247,'2025-03-05 23:29:25.163820','74','secondary | Second grade | Arabic',1,'[{\"added\": {}}, {\"added\": {\"name\": \"course translation\", \"object\": \"Arabic - ar\"}}]',15,2),(248,'2025-03-05 23:29:25.830207','75','secondary | Second grade | Arabic',1,'[{\"added\": {}}, {\"added\": {\"name\": \"course translation\", \"object\": \"Arabic - ar\"}}]',15,2),(249,'2025-03-05 23:30:05.792319','74','secondary | Second grade | Arabic',3,'',15,2),(250,'2025-03-05 23:30:27.709988','75','secondary | Third grade | Arabic',2,'[{\"changed\": {\"fields\": [\"Track\"]}}]',15,2),(251,'2025-03-05 23:32:36.488261','76','secondary | First grade | Math',1,'[{\"added\": {}}, {\"added\": {\"name\": \"course translation\", \"object\": \"Math - ar\"}}]',15,2),(252,'2025-03-05 23:32:37.148397','77','secondary | First grade | Math',1,'[{\"added\": {}}, {\"added\": {\"name\": \"course translation\", \"object\": \"Math - ar\"}}]',15,2),(253,'2025-03-05 23:32:38.613682','78','secondary | First grade | Math',1,'[{\"added\": {}}, {\"added\": {\"name\": \"course translation\", \"object\": \"Math - ar\"}}]',15,2),(254,'2025-03-05 23:32:39.225491','79','secondary | First grade | Math',1,'[{\"added\": {}}, {\"added\": {\"name\": \"course translation\", \"object\": \"Math - ar\"}}]',15,2),(255,'2025-03-05 23:32:39.853605','80','secondary | First grade | Math',1,'[{\"added\": {}}, {\"added\": {\"name\": \"course translation\", \"object\": \"Math - ar\"}}]',15,2),(256,'2025-03-05 23:32:40.454564','81','secondary | First grade | Math',1,'[{\"added\": {}}, {\"added\": {\"name\": \"course translation\", \"object\": \"Math - ar\"}}]',15,2),(257,'2025-03-05 23:32:41.066062','82','secondary | First grade | Math',1,'[{\"added\": {}}, {\"added\": {\"name\": \"course translation\", \"object\": \"Math - ar\"}}]',15,2),(258,'2025-03-05 23:33:07.743454','79','secondary | First grade | Math',3,'',15,2),(259,'2025-03-05 23:33:07.784755','78','secondary | First grade | Math',3,'',15,2),(260,'2025-03-05 23:33:07.830204','77','secondary | First grade | Math',3,'',15,2),(261,'2025-03-05 23:33:07.864916','76','secondary | First grade | Math',3,'',15,2),(262,'2025-03-05 23:33:38.857641','81','secondary | Second grade | Math',2,'[{\"changed\": {\"fields\": [\"Track\"]}}]',15,2),(263,'2025-03-05 23:33:58.840080','80','secondary | Third grade | Math',2,'[{\"changed\": {\"fields\": [\"Track\"]}}]',15,2),(264,'2025-03-05 23:39:36.332585','83','secondary | First grade | Chemistry',1,'[{\"added\": {}}, {\"added\": {\"name\": \"course translation\", \"object\": \"Chemistry - ar\"}}]',15,2),(265,'2025-03-05 23:39:38.371371','84','secondary | First grade | Chemistry',1,'[{\"added\": {}}, {\"added\": {\"name\": \"course translation\", \"object\": \"Chemistry - ar\"}}]',15,2),(266,'2025-03-05 23:39:40.067401','85','secondary | First grade | Chemistry',1,'[{\"added\": {}}, {\"added\": {\"name\": \"course translation\", \"object\": \"Chemistry - ar\"}}]',15,2),(267,'2025-03-05 23:39:41.670658','86','secondary | First grade | Chemistry',1,'[{\"added\": {}}, {\"added\": {\"name\": \"course translation\", \"object\": \"Chemistry - ar\"}}]',15,2),(268,'2025-03-05 23:40:13.177724','83','secondary | First grade | Chemistry',3,'',15,2),(269,'2025-03-05 23:40:33.947763','85','secondary | Second grade | Chemistry',2,'[{\"changed\": {\"fields\": [\"Track\"]}}]',15,2),(270,'2025-03-05 23:41:05.319691','84','secondary | Third grade | Chemistry',2,'[{\"changed\": {\"fields\": [\"Track\"]}}]',15,2),(271,'2025-03-05 23:45:53.690781','87','secondary | First grade | Physics',1,'[{\"added\": {}}, {\"added\": {\"name\": \"course translation\", \"object\": \"Physics - ar\"}}]',15,2),(272,'2025-03-05 23:45:58.271064','88','secondary | First grade | Physics',1,'[{\"added\": {}}, {\"added\": {\"name\": \"course translation\", \"object\": \"Physics - ar\"}}]',15,2),(273,'2025-03-05 23:46:42.158228','87','secondary | Second grade | Physics',2,'[{\"changed\": {\"fields\": [\"Track\"]}}]',15,2),(274,'2025-03-05 23:48:44.750298','89','secondary | Third grade | Physics',1,'[{\"added\": {}}, {\"added\": {\"name\": \"course translation\", \"object\": \"Physics - ar\"}}]',15,2),(275,'2025-03-05 23:52:26.701214','90','secondary | Third grade | History',1,'[{\"added\": {}}, {\"added\": {\"name\": \"course translation\", \"object\": \"History - ar\"}}]',15,2),(276,'2025-03-05 23:54:24.146483','91','secondary | First grade | History',1,'[{\"added\": {}}, {\"added\": {\"name\": \"course translation\", \"object\": \"History - ar\"}}]',15,2),(277,'2025-03-05 23:54:24.845806','92','secondary | First grade | History',1,'[{\"added\": {}}, {\"added\": {\"name\": \"course translation\", \"object\": \"History - ar\"}}]',15,2),(278,'2025-03-05 23:54:28.029105','93','secondary | First grade | History',1,'[{\"added\": {}}, {\"added\": {\"name\": \"course translation\", \"object\": \"History - ar\"}}]',15,2),(279,'2025-03-05 23:54:48.633572','91','secondary | First grade | History',3,'',15,2),(280,'2025-03-05 23:55:18.147397','93','secondary | Second grade | History',2,'[{\"changed\": {\"fields\": [\"Track\"]}}]',15,2),(281,'2025-03-05 23:57:57.544814','94','secondary | First grade | Geography',1,'[{\"added\": {}}, {\"added\": {\"name\": \"course translation\", \"object\": \"Geography - ar\"}}]',15,2),(282,'2025-03-05 23:58:05.269924','95','secondary | First grade | Geography',1,'[{\"added\": {}}, {\"added\": {\"name\": \"course translation\", \"object\": \"Geography - ar\"}}]',15,2),(283,'2025-03-05 23:58:40.557843','95','secondary | Second grade | Geography',2,'[{\"changed\": {\"fields\": [\"Track\"]}}]',15,2),(284,'2025-03-06 00:00:07.598096','96','secondary | Third grade | Geography',1,'[{\"added\": {}}, {\"added\": {\"name\": \"course translation\", \"object\": \"Geography - ar\"}}]',15,2),(285,'2025-03-06 00:05:36.428009','97','secondary | First grade | French',1,'[{\"added\": {}}, {\"added\": {\"name\": \"course translation\", \"object\": \"French - ar\"}}]',15,2),(286,'2025-03-06 00:05:37.082758','98','secondary | First grade | French',1,'[{\"added\": {}}, {\"added\": {\"name\": \"course translation\", \"object\": \"French - ar\"}}]',15,2),(287,'2025-03-06 00:05:37.773259','99','secondary | First grade | French',1,'[{\"added\": {}}, {\"added\": {\"name\": \"course translation\", \"object\": \"French - ar\"}}]',15,2),(288,'2025-03-06 00:06:16.107693','98','secondary | Second grade | French',2,'[{\"changed\": {\"fields\": [\"Track\"]}}]',15,2),(289,'2025-03-06 00:07:04.385973','97','secondary | Third grade | French',2,'[{\"changed\": {\"fields\": [\"Track\"]}}]',15,2),(290,'2025-03-06 00:09:59.662581','100','secondary | First grade | German',1,'[{\"added\": {}}, {\"added\": {\"name\": \"course translation\", \"object\": \"German - ar\"}}]',15,2),(291,'2025-03-06 00:10:00.476342','101','secondary | First grade | German',1,'[{\"added\": {}}, {\"added\": {\"name\": \"course translation\", \"object\": \"German - ar\"}}]',15,2),(292,'2025-03-06 00:10:02.107561','102','secondary | First grade | German',1,'[{\"added\": {}}, {\"added\": {\"name\": \"course translation\", \"object\": \"German - ar\"}}]',15,2),(293,'2025-03-06 00:10:03.116843','103','secondary | First grade | German',1,'[{\"added\": {}}, {\"added\": {\"name\": \"course translation\", \"object\": \"German - ar\"}}]',15,2),(294,'2025-03-06 00:10:28.935104','103','secondary | First grade | German',3,'',15,2),(295,'2025-03-06 00:10:57.719240','102','secondary | Second grade | German',2,'[{\"changed\": {\"fields\": [\"Track\"]}}]',15,2),(296,'2025-03-06 00:11:35.114236','100','secondary | Third grade | German',2,'[{\"changed\": {\"fields\": [\"Track\"]}}]',15,2),(297,'2025-03-06 12:55:27.885544','16','emadelhangeri1975@gmail.com',1,'[{\"added\": {}}]',7,1),(298,'2025-03-06 12:58:54.143421','16','ياسمين',2,'[{\"changed\": {\"fields\": [\"Name\", \"Phone\"]}}]',7,1),(299,'2025-03-06 13:03:17.009828','16','ياسمين',2,'[{\"changed\": {\"fields\": [\"User permissions\"]}}]',7,1),(300,'2025-03-06 13:08:59.258367','16','ياسمين',2,'[{\"added\": {\"name\": \"student profile\", \"object\": \"\\u064a\\u0627\\u0633\\u0645\\u064a\\u0646\'s profile\"}}]',7,1),(301,'2025-03-06 13:12:21.898127','1','secondary | Third grade | Chemistry | mr_emad | 1',1,'[{\"added\": {}}]',19,1),(302,'2025-03-06 13:13:52.272258','2','secondary | Third grade | Physics | Mohamed@Kassem1 | 1',1,'[{\"added\": {}}]',19,1),(303,'2025-03-06 13:15:04.707431','3','secondary | Third grade | Math | mr_emad | 1',1,'[{\"added\": {}}]',19,1),(304,'2025-03-06 13:19:58.736836','4','secondary | Third grade | Math | mr_emad | 1',1,'[{\"added\": {}}, {\"added\": {\"name\": \"group time\", \"object\": \"Thursday | 18:00:00\"}}]',19,1),(305,'2025-03-06 13:20:52.931002','1','secondary | Third grade | Chemistry | Mohamed@Kassem1 | 1',2,'[{\"changed\": {\"fields\": [\"Teacher\", \"Number of expected lectures\"]}}]',19,1),(306,'2025-03-06 13:29:53.508292','16','yasmen',2,'[{\"changed\": {\"fields\": [\"Name\"]}}]',7,1),(307,'2025-03-07 15:59:10.939226','62','secondary | First grade | Islamic education',2,'[{\"changed\": {\"fields\": [\"Name\", \"Description\"]}}, {\"changed\": {\"name\": \"course translation\", \"object\": \"Islamic education - ar\", \"fields\": [\"Translated name\", \"Translated description\"]}}]',15,2),(308,'2025-03-07 16:00:52.616035','61','secondary | Third grade | Islamic Education',2,'[{\"changed\": {\"fields\": [\"Name\", \"Description\"]}}, {\"changed\": {\"name\": \"course translation\", \"object\": \"Islamic Education - ar\", \"fields\": [\"Translated name\", \"Translated description\"]}}]',15,2),(309,'2025-03-07 16:02:25.291091','60','secondary | Second grade | Islamic Education',2,'[{\"changed\": {\"fields\": [\"Name\", \"Description\"]}}, {\"changed\": {\"name\": \"course translation\", \"object\": \"Islamic Education - ar\", \"fields\": [\"Translated name\", \"Translated description\"]}}]',15,2),(310,'2025-03-07 16:03:48.290158','44','Preparatory | Second grade | Islamic education',2,'[{\"changed\": {\"fields\": [\"Name\", \"Description\"]}}, {\"changed\": {\"name\": \"course translation\", \"object\": \"Islamic education - ar\", \"fields\": [\"Translated name\", \"Translated description\"]}}]',15,2),(311,'2025-03-07 16:16:18.394543','43','Preparatory | Third grade | Islamic education',2,'[{\"changed\": {\"fields\": [\"Name\", \"Description\"]}}, {\"changed\": {\"name\": \"course translation\", \"object\": \"Islamic education - ar\", \"fields\": [\"Translated name\", \"Translated description\"]}}]',15,2),(312,'2025-03-07 16:17:52.753019','36','primary | Sixth grade | Islamic education',2,'[{\"changed\": {\"fields\": [\"Name\", \"Description\"]}}, {\"changed\": {\"name\": \"course translation\", \"object\": \"Islamic education - ar\", \"fields\": [\"Translated name\", \"Translated description\"]}}]',15,2),(313,'2025-03-07 16:19:08.941742','12','primary | First grade | Islamic education',2,'[{\"changed\": {\"fields\": [\"Name\", \"Description\"]}}, {\"changed\": {\"name\": \"course translation\", \"object\": \"Islamic education - ar\", \"fields\": [\"Translated name\", \"Translated description\"]}}]',15,2),(314,'2025-03-07 16:20:09.627286','34','primary | Fourth grade | Islamic education',2,'[{\"changed\": {\"fields\": [\"Name\", \"Description\"]}}, {\"changed\": {\"name\": \"course translation\", \"object\": \"Islamic education - ar\", \"fields\": [\"Translated name\", \"Translated description\"]}}]',15,2),(315,'2025-03-07 16:20:10.738615','34','primary | Fourth grade | Islamic education',2,'[]',15,2),(316,'2025-03-07 16:21:26.798499','16','primary | Second grade | Islamic education',2,'[{\"changed\": {\"fields\": [\"Name\", \"Description\"]}}, {\"added\": {\"name\": \"course translation\", \"object\": \"Islamic education - ar\"}}]',15,2),(317,'2025-03-07 16:22:30.447421','18','primary | Third grade | Islamic education',2,'[{\"changed\": {\"fields\": [\"Name\", \"Description\"]}}, {\"changed\": {\"name\": \"course translation\", \"object\": \"Islamic education - ar\", \"fields\": [\"Translated name\", \"Translated description\"]}}]',15,2),(318,'2025-03-07 16:22:31.186995','18','primary | Third grade | Islamic education',2,'[]',15,2),(319,'2025-03-07 16:23:36.117205','22','primary | Fourth grade | Islamic education',2,'[{\"changed\": {\"fields\": [\"Name\", \"Description\"]}}, {\"changed\": {\"name\": \"course translation\", \"object\": \"Islamic education - ar\", \"fields\": [\"Translated name\", \"Translated description\"]}}]',15,2),(320,'2025-03-07 16:24:11.041921','22','primary | Fourth grade | Islamic education',2,'[]',15,2),(321,'2025-03-07 16:25:36.062095','33','Preparatory | First grade | Islamic education',2,'[{\"changed\": {\"fields\": [\"Name\", \"Description\"]}}, {\"changed\": {\"name\": \"course translation\", \"object\": \"Islamic education - ar\", \"fields\": [\"Translated name\", \"Translated description\"]}}]',15,2),(322,'2025-03-07 16:26:49.553297','32','primary | Fifth grade | Islamic education',2,'[{\"changed\": {\"fields\": [\"Name\", \"Description\"]}}, {\"changed\": {\"name\": \"course translation\", \"object\": \"Islamic education - ar\", \"fields\": [\"Translated name\", \"Translated description\"]}}]',15,2),(323,'2025-03-07 16:28:11.338824','7','Quran',1,'[{\"added\": {}}, {\"added\": {\"name\": \"level translation\", \"object\": \"Quran - ar\"}}]',13,2),(324,'2025-03-07 16:28:12.807461','8','Quran',1,'[{\"added\": {}}, {\"added\": {\"name\": \"level translation\", \"object\": \"Quran - ar\"}}]',13,2),(325,'2025-03-07 16:28:26.964770','7','Quran',3,'',13,2),(326,'2025-03-07 16:29:52.877674','19','Quran | Quran for children',1,'[{\"added\": {}}, {\"added\": {\"name\": \"track translation\", \"object\": \"Quran for children - ar\"}}]',14,2),(327,'2025-03-07 16:30:43.487567','20','Quran | Quran for adults',1,'[{\"added\": {}}, {\"added\": {\"name\": \"track translation\", \"object\": \"Quran for adults - ar\"}}]',14,2),(328,'2025-03-07 16:31:45.667373','21','Quran | Tajweed and recitation for Kids',1,'[{\"added\": {}}, {\"added\": {\"name\": \"track translation\", \"object\": \"Tajweed and recitation for Kids - ar\"}}]',14,2),(329,'2025-03-07 16:31:47.640173','22','Quran | Tajweed and recitation for Kids',1,'[{\"added\": {}}, {\"added\": {\"name\": \"track translation\", \"object\": \"Tajweed and recitation for Kids - ar\"}}]',14,2),(330,'2025-03-07 16:32:24.197527','21','Quran | Tajweed and recitation for adults',2,'[{\"changed\": {\"fields\": [\"Name\"]}}, {\"changed\": {\"name\": \"track translation\", \"object\": \"Tajweed and recitation for adults - ar\", \"fields\": [\"Translated name\"]}}]',14,2),(331,'2025-03-09 20:53:12.997021','17','Ahmed Alaa',3,'',7,2),(332,'2025-03-09 20:53:30.596388','16','yasmen',3,'',7,2),(333,'2025-03-10 17:26:07.633128','18','ahmed alaa',3,'',7,2),(334,'2025-03-11 13:53:17.001538','20','Noura20',1,'[{\"added\": {}}]',7,2),(335,'2025-03-11 14:03:02.798977','21','3a24a',1,'[{\"added\": {}}]',7,2),(336,'2025-03-11 14:05:34.107843','22','Assma76',1,'[{\"added\": {}}]',7,2),(337,'2025-03-11 14:12:41.236266','23','Ahmed45',1,'[{\"added\": {}}]',7,2),(338,'2025-03-11 14:19:41.858731','21','3a24a',3,'',7,2),(339,'2025-03-11 14:19:41.901850','19','ahmed yasser',3,'',7,2),(340,'2025-03-11 14:19:41.937881','23','Ahmed45',3,'',7,2),(341,'2025-03-11 14:19:41.971622','22','Assma76',3,'',7,2),(342,'2025-03-11 14:19:42.003650','20','Noura20',3,'',7,2),(343,'2025-03-11 21:06:49.200421','24','Noura20',1,'[{\"added\": {}}]',7,2),(344,'2025-03-11 21:08:00.925542','25','3a24a',1,'[{\"added\": {}}]',7,2),(345,'2025-03-11 21:08:46.499315','26','Assma76',1,'[{\"added\": {}}]',7,2),(346,'2025-03-11 21:09:24.923524','27','Ahmed45',1,'[{\"added\": {}}]',7,2),(347,'2025-03-11 21:10:55.865418','28','Fager_eltaheny',1,'[{\"added\": {}}]',7,2),(348,'2025-03-11 21:14:52.470482','29','abdullah10',1,'[{\"added\": {}}]',7,2),(349,'2025-03-11 21:16:51.410758','30','reham37',1,'[{\"added\": {}}]',7,2),(350,'2025-03-11 21:18:30.421257','31','Mohammed42',1,'[{\"added\": {}}]',7,2),(351,'2025-03-11 21:32:27.154354','2','Student',1,'[{\"added\": {}}]',NULL,2),(352,'2025-03-11 21:32:58.145393','1','Teacher',2,'[{\"changed\": {\"fields\": [\"Name\"]}}]',NULL,2),(353,'2025-03-11 21:58:29.837468','32','abdullah12',1,'[{\"added\": {}}]',7,2),(354,'2025-03-11 22:00:34.719664','33','Bayan20',1,'[{\"added\": {}}]',7,2),(355,'2025-03-11 22:02:40.581408','34','Lama34',1,'[{\"added\": {}}]',7,2),(356,'2025-03-11 22:04:20.679122','35','Nawal22',1,'[{\"added\": {}}]',7,2),(357,'2025-03-11 22:08:14.596508','36','Yasmin54',1,'[{\"added\": {}}]',7,2),(358,'2025-03-11 22:09:26.890563','37','Omar56',1,'[{\"added\": {}}]',7,2),(359,'2025-03-11 22:11:00.938299','38','Hemdan68',1,'[{\"added\": {}}]',7,2),(360,'2025-03-11 22:12:13.825538','39','Taif64',1,'[{\"added\": {}}]',7,2),(361,'2025-03-11 22:15:05.936498','40','Sultan45',1,'[{\"added\": {}}]',7,2),(362,'2025-03-13 00:04:00.831768','41','Fager12',1,'[{\"added\": {}}]',7,2),(363,'2025-03-13 00:20:55.735749','42','Sultan_2',1,'[{\"added\": {}}]',7,2),(364,'2025-03-13 00:24:50.896386','43','Nawal30',1,'[{\"added\": {}}]',7,2),(365,'2025-03-13 00:29:28.684915','44','mohamed_emad',1,'[{\"added\": {}}]',7,2),(366,'2025-03-13 00:31:04.212256','44','mohamed emad',2,'[{\"changed\": {\"fields\": [\"Name\", \"Phone\", \"Groups\"]}}]',7,2),(367,'2025-03-13 00:45:48.947375','44','mohamed emad',2,'[{\"changed\": {\"fields\": [\"Groups\"]}}]',7,2),(368,'2025-03-13 00:47:58.970418','34','Bayan',2,'[{\"changed\": {\"fields\": [\"Name\", \"Phone\", \"Groups\"]}}]',7,2),(369,'2025-03-13 00:54:57.239179','33','Bayan',2,'[{\"changed\": {\"fields\": [\"Name\", \"Phone\"]}}]',7,2),(370,'2025-03-13 00:57:46.555284','35','Nawal',2,'[{\"changed\": {\"fields\": [\"Name\", \"Phone\", \"Groups\"]}}]',7,2),(371,'2025-03-13 00:59:41.964485','32','abdullah',2,'[{\"changed\": {\"fields\": [\"Name\", \"Phone\", \"Groups\"]}}]',7,2),(372,'2025-03-13 01:03:01.063535','36','Yassmen',2,'[{\"changed\": {\"fields\": [\"Name\", \"Phone\", \"Groups\"]}}]',7,2),(373,'2025-03-13 01:05:36.107509','37','Amr',2,'[{\"changed\": {\"fields\": [\"Name\", \"Phone\", \"Groups\"]}}]',7,2),(374,'2025-03-13 01:07:31.657725','38','hemdan',2,'[{\"changed\": {\"fields\": [\"Name\", \"Phone\", \"Groups\"]}}]',7,2),(375,'2025-03-13 01:10:25.963295','24','noura',2,'[{\"changed\": {\"fields\": [\"Name\", \"Phone\", \"Groups\"]}}]',7,2),(376,'2025-03-13 01:13:52.033551','39','Taif',2,'[{\"changed\": {\"fields\": [\"Name\", \"Phone\", \"Groups\"]}}]',7,2),(377,'2025-03-13 01:15:10.678785','41','fager',2,'[{\"changed\": {\"fields\": [\"Name\", \"Phone\", \"Groups\"]}}]',7,2),(378,'2025-03-13 01:16:43.018388','40','Sultan',2,'[{\"changed\": {\"fields\": [\"Name\", \"Phone\", \"Groups\"]}}]',7,2),(379,'2025-03-13 01:17:23.099517','43','Nawal30',3,'',7,2),(380,'2025-03-13 01:17:56.974633','29','abdullah10',3,'',7,2),(381,'2025-03-13 01:19:56.966637','42','Sultan_2',3,'',7,2),(382,'2025-03-13 23:03:31.211571','45','Fatma_hasan',1,'[{\"added\": {}}]',7,2),(383,'2025-03-13 23:04:49.798822','45','fatma hasan',2,'[{\"changed\": {\"fields\": [\"Name\", \"Phone\", \"Staff status\", \"Groups\"]}}]',7,2),(384,'2025-03-13 23:07:31.400458','46','Fathy_Elbana',1,'[{\"added\": {}}]',7,2),(385,'2025-03-13 23:08:36.111716','46','Fathy Elbana',2,'[{\"changed\": {\"fields\": [\"Name\", \"Staff status\", \"Groups\"]}}]',7,2),(386,'2025-03-13 23:12:10.615316','47','Menna_ayman',1,'[{\"added\": {}}]',7,2),(387,'2025-03-13 23:13:18.568640','47','menna ayman',2,'[{\"changed\": {\"fields\": [\"Name\", \"Phone\", \"Staff status\", \"Groups\"]}}]',7,2),(388,'2025-03-13 23:24:04.645030','48','abdullah_Abd6',1,'[{\"added\": {}}]',7,2),(389,'2025-03-13 23:25:42.096582','49','Abdelrahman88',1,'[{\"added\": {}}]',7,2),(390,'2025-03-14 08:36:20.766525','50','mazen23',1,'[{\"added\": {}}]',7,2),(391,'2025-03-14 08:37:40.694576','51','Anas44',1,'[{\"added\": {}}]',7,2),(392,'2025-03-14 08:43:23.516936','40','Sultan',3,'',7,2),(393,'2025-03-14 08:44:40.534195','52','Sultan_Elmutairi',1,'[{\"added\": {}}]',7,2),(394,'2025-03-14 08:45:26.306067','52','Sultan Elmutairi',2,'[{\"changed\": {\"fields\": [\"Name\", \"Groups\"]}}]',7,2),(395,'2025-03-14 08:45:45.382670','39','Taif',3,'',7,2),(396,'2025-03-14 08:46:49.769134','53','taif64',1,'[{\"added\": {}}]',7,2),(397,'2025-03-14 08:47:17.465167','53','Taif64',2,'[{\"changed\": {\"fields\": [\"Name\", \"Groups\"]}}]',7,2),(398,'2025-03-14 09:11:52.435195','37','Amr',2,'[{\"changed\": {\"fields\": [\"Username\"]}}]',7,2),(399,'2025-03-14 12:34:28.786787','5','Preparatory | First grade | arabic | Fathy_Elbana | 1',1,'[{\"added\": {}}]',19,2),(400,'2025-03-14 12:35:39.006806','6','Preparatory | Second grade | Arabic | Fathy_Elbana | 3',1,'[{\"added\": {}}]',19,2),(401,'2025-03-14 12:37:17.416246','7','secondary | First grade | Arabic | Fathy_Elbana | 3',1,'[{\"added\": {}}]',19,2),(402,'2025-03-14 12:38:19.733672','8','Preparatory | Second grade | Arabic | Fathy_Elbana | 3',1,'[{\"added\": {}}]',19,2),(403,'2025-03-14 12:39:50.714873','9','primary | Sixth grade | Arabic | Fathy_Elbana | 3',1,'[{\"added\": {}}]',19,2),(404,'2025-03-14 18:49:25.644391','54','rawan_ali',1,'[{\"added\": {}}]',7,2),(405,'2025-03-14 18:50:01.171843','54','rawan aly',2,'[{\"changed\": {\"fields\": [\"Name\", \"Phone\", \"Staff status\", \"Groups\"]}}]',7,2),(406,'2025-03-14 18:50:02.149124','54','rawan aly',2,'[]',7,2),(407,'2025-03-14 19:53:22.771991','10','Preparatory | Third grade | science | Mohamed@Kassem1 | 10',1,'[{\"added\": {}}]',19,2),(408,'2025-03-14 19:54:42.327951','11','Preparatory | Third grade | English | rawan_ali | 5',1,'[{\"added\": {}}]',19,2),(409,'2025-03-14 19:54:48.810837','12','Preparatory | Third grade | English | rawan_ali | 5',1,'[{\"added\": {}}]',19,2),(410,'2025-03-14 19:57:02.915009','12','Preparatory | Third grade | English | rawan_ali | 5',2,'[{\"added\": {\"name\": \"group time\", \"object\": \"Friday | 22:00:00\"}}]',19,2),(411,'2025-03-14 19:57:03.834772','12','Preparatory | Third grade | English | rawan_ali | 5',2,'[{\"added\": {\"name\": \"group time\", \"object\": \"Friday | 22:00:00\"}}]',19,2),(412,'2025-03-14 20:03:50.853539','54','rawan aly',2,'[]',7,2),(413,'2025-03-14 20:11:00.812325','44','mohamed emad',2,'[{\"changed\": {\"fields\": [\"password\"]}}]',7,2),(414,'2025-03-14 20:12:18.373970','12','Preparatory | Third grade | English | rawan_ali | 5',2,'[{\"changed\": {\"name\": \"group time\", \"object\": \"Friday | 22:12:15\", \"fields\": [\"Time\"]}}]',19,2),(415,'2025-03-14 20:12:19.243298','12','Preparatory | Third grade | English | rawan_ali | 5',2,'[]',19,2),(416,'2025-03-14 20:12:25.991723','12','Preparatory | Third grade | English | rawan_ali | 5',2,'[]',19,2);
/*!40000 ALTER TABLE `django_admin_log` ENABLE KEYS */;
UNLOCK TABLES;

--
-- Table structure for table `django_content_type`
--

DROP TABLE IF EXISTS `django_content_type`;
/*!40101 SET @saved_cs_client     = @@character_set_client */;
/*!50503 SET character_set_client = utf8mb4 */;
CREATE TABLE `django_content_type` (
  `id` int NOT NULL AUTO_INCREMENT,
  `app_label` varchar(100) NOT NULL,
  `model` varchar(100) NOT NULL,
  PRIMARY KEY (`id`),
  UNIQUE KEY `django_content_type_app_label_model_76bd3d3b_uniq` (`app_label`,`model`)
) ENGINE=InnoDB AUTO_INCREMENT=72 DEFAULT CHARSET=utf8mb4 COLLATE=utf8mb4_0900_ai_ci;
/*!40101 SET character_set_client = @saved_cs_client */;

--
-- Dumping data for table `django_content_type`
--

LOCK TABLES `django_content_type` WRITE;
/*!40000 ALTER TABLE `django_content_type` DISABLE KEYS */;
INSERT INTO `django_content_type` VALUES (11,'about','companyinfo'),(12,'about','companyinfotranslation'),(9,'accounts','teacherinfo'),(7,'accounts','user'),(15,'courses','course'),(13,'courses','level'),(14,'courses','track'),(20,'subscriptions','grouptime'),(21,'subscriptions','joinrequest'),(22,'subscriptions','lecture'),(23,'subscriptions','lecturefile'),(19,'subscriptions','studygroup');
/*!40000 ALTER TABLE `django_content_type` ENABLE KEYS */;
UNLOCK TABLES;

--
-- Table structure for table `django_migrations`
--

DROP TABLE IF EXISTS `django_migrations`;
/*!40101 SET @saved_cs_client     = @@character_set_client */;
/*!50503 SET character_set_client = utf8mb4 */;
CREATE TABLE `django_migrations` (
  `id` bigint NOT NULL AUTO_INCREMENT,
  `app` varchar(255) NOT NULL,
  `name` varchar(255) NOT NULL,
  `applied` datetime(6) NOT NULL,
  PRIMARY KEY (`id`)
) ENGINE=InnoDB AUTO_INCREMENT=54 DEFAULT CHARSET=utf8mb4 COLLATE=utf8mb4_0900_ai_ci;
/*!40101 SET character_set_client = @saved_cs_client */;

--
-- Dumping data for table `django_migrations`
--

LOCK TABLES `django_migrations` WRITE;
/*!40000 ALTER TABLE `django_migrations` DISABLE KEYS */;
INSERT INTO `django_migrations` VALUES (1,'about','0001_initial','2025-02-20 20:16:57.116067'),(2,'contenttypes','0001_initial','2025-02-20 20:16:57.394499'),(3,'contenttypes','0002_remove_content_type_name','2025-02-20 20:16:57.948001'),(4,'auth','0001_initial','2025-02-20 20:16:59.425448'),(5,'auth','0002_alter_permission_name_max_length','2025-02-20 20:16:59.691613'),(6,'auth','0003_alter_user_email_max_length','2025-02-20 20:16:59.769818'),(7,'auth','0004_alter_user_username_opts','2025-02-20 20:16:59.850235'),(8,'auth','0005_alter_user_last_login_null','2025-02-20 20:16:59.928137'),(9,'auth','0006_require_contenttypes_0002','2025-02-20 20:16:59.991699'),(10,'auth','0007_alter_validators_add_error_messages','2025-02-20 20:17:00.081786'),(11,'auth','0008_alter_user_username_max_length','2025-02-20 20:17:00.153755'),(12,'auth','0009_alter_user_last_name_max_length','2025-02-20 20:17:00.225521'),(13,'auth','0010_alter_group_name_max_length','2025-02-20 20:17:00.368024'),(14,'auth','0011_update_proxy_permissions','2025-02-20 20:17:00.537986'),(15,'auth','0012_alter_user_first_name_max_length','2025-02-20 20:17:00.610525'),(16,'accounts','0001_initial','2025-02-20 20:17:05.464761'),(17,'accounts','0002_delete_parentprofile','2025-02-20 20:17:05.655332'),(18,'admin','0001_initial','2025-02-20 20:17:06.881474'),(19,'admin','0002_logentry_remove_auto_add','2025-02-20 20:17:06.963112'),(20,'admin','0003_logentry_add_action_flag_choices','2025-02-20 20:17:07.064078'),(21,'admin_interface','0001_initial','2025-02-20 20:17:07.271202'),(22,'admin_interface','0002_add_related_modal','2025-02-20 20:17:09.063522'),(23,'admin_interface','0003_add_logo_color','2025-02-20 20:17:09.360141'),(24,'admin_interface','0004_rename_title_color','2025-02-20 20:17:09.547643'),(25,'admin_interface','0005_add_recent_actions_visible','2025-02-20 20:17:09.925207'),(26,'admin_interface','0006_bytes_to_str','2025-02-20 20:17:10.085064'),(27,'admin_interface','0007_add_favicon','2025-02-20 20:17:10.366994'),(28,'admin_interface','0008_change_related_modal_background_opacity_type','2025-02-20 20:17:10.879247'),(29,'admin_interface','0009_add_enviroment','2025-02-20 20:17:11.449991'),(30,'admin_interface','0010_add_localization','2025-02-20 20:17:11.535224'),(31,'admin_interface','0011_add_environment_options','2025-02-20 20:17:12.628724'),(32,'admin_interface','0012_update_verbose_names','2025-02-20 20:17:12.707274'),(33,'admin_interface','0013_add_related_modal_close_button','2025-02-20 20:17:12.934620'),(34,'admin_interface','0014_name_unique','2025-02-20 20:17:13.122981'),(35,'admin_interface','0015_add_language_chooser_active','2025-02-20 20:17:13.491619'),(36,'admin_interface','0016_add_language_chooser_display','2025-02-20 20:17:13.738326'),(37,'admin_interface','0017_change_list_filter_dropdown','2025-02-20 20:17:13.807002'),(38,'admin_interface','0018_theme_list_filter_sticky','2025-02-20 20:17:14.322197'),(39,'admin_interface','0019_add_form_sticky','2025-02-20 20:17:15.002705'),(40,'admin_interface','0020_module_selected_colors','2025-02-20 20:17:15.774716'),(41,'admin_interface','0021_file_extension_validator','2025-02-20 20:17:15.859474'),(42,'admin_interface','0022_add_logo_max_width_and_height','2025-02-20 20:17:16.648146'),(43,'admin_interface','0023_theme_foldable_apps','2025-02-20 20:17:16.958573'),(44,'admin_interface','0024_remove_theme_css','2025-02-20 20:17:17.290234'),(45,'admin_interface','0025_theme_language_chooser_control','2025-02-20 20:17:17.923719'),(46,'admin_interface','0026_theme_list_filter_highlight','2025-02-20 20:17:18.245479'),(47,'admin_interface','0027_theme_list_filter_removal_links','2025-02-20 20:17:18.651872'),(48,'admin_interface','0028_theme_show_fieldsets_as_tabs_and_more','2025-02-20 20:17:19.406866'),(49,'admin_interface','0029_theme_css_generic_link_active_color','2025-02-20 20:17:19.805198'),(50,'admin_interface','0030_theme_collapsible_stacked_inlines_and_more','2025-02-20 20:17:20.840761'),(51,'courses','0001_initial','2025-02-20 20:17:23.222101'),(52,'sessions','0001_initial','2025-02-20 20:17:23.504507'),(53,'subscriptions','0001_initial','2025-02-22 22:05:53.652410');
/*!40000 ALTER TABLE `django_migrations` ENABLE KEYS */;
UNLOCK TABLES;

--
-- Table structure for table `django_session`
--

DROP TABLE IF EXISTS `django_session`;
/*!40101 SET @saved_cs_client     = @@character_set_client */;
/*!50503 SET character_set_client = utf8mb4 */;
CREATE TABLE `django_session` (
  `session_key` varchar(40) NOT NULL,
  `session_data` longtext NOT NULL,
  `expire_date` datetime(6) NOT NULL,
  PRIMARY KEY (`session_key`),
  KEY `django_session_expire_date_a5c62663` (`expire_date`)
) ENGINE=InnoDB DEFAULT CHARSET=utf8mb4 COLLATE=utf8mb4_0900_ai_ci;
/*!40101 SET character_set_client = @saved_cs_client */;

--
-- Dumping data for table `django_session`
--

LOCK TABLES `django_session` WRITE;
/*!40000 ALTER TABLE `django_session` DISABLE KEYS */;
INSERT INTO `django_session` VALUES ('0zn60vzo6jibhptird2wmmjrtgkl79w4','.eJxVjDsOwjAQBe_iGlm2179Q0nMGa_1ZHEC2FCcV4u4QKQW0b2beiwXc1hq2UZYwZ3ZmUrPT7xgxPUrbSb5ju3WeeluXOfJd4Qcd_NpzeV4O9--g4qjfWoOwSkI2Dh2B8cnFCbSwlBG8iYrI22KTFl5qQCMUiUwTRVXAS7LI3h_nhTeo:1tnLlO:h1WkK7Ag-1EUgaF4EkUPTF1s2oVtdyEAXZVnC0_5xuk','2025-03-12 18:04:06.152627'),('12byju93mhkqxdq7qp6mo0h3gmawruij','eyJuZXh0X3VybCI6Ii9jb3Vyc2VzL2xldmVscy8ifQ:1tpIiC:plibdgEmAixnjWA7yJbrkkWTgxsIAZJWuf4536yM1K0','2025-03-18 03:12:52.616642'),('12pfusjzosigkeh7t7thnj17a271v7zt','eyJuZXh0X3VybCI6Ii9hY2NvdW50cy9sb2dpbi8ifQ:1tnjDN:RyoudsG_uo_5Ze7bGdnVTLVGX74fO9P8HTfJWZndBoo','2025-03-13 19:06:33.201087'),('1h0ovq947rj58mnk3jitfopjavy127vv','eyJuZXh0X3VybCI6Ii8ifQ:1tp2h6:uDZoIg0n55mQZWG5cWzJSkYD8sSrIUsq_cN0ROX7mg8','2025-03-17 10:06:40.638755'),('1lbrled0rndqcykwhrw5amfks5w2p2cq','eyJuZXh0X3VybCI6Ii9hYm91dC11cy8ifQ:1tluby:0chteIbiEV9V02tuE3stbkPHHtqia_ShednW8TEWLDE','2025-03-08 18:52:26.715118'),('2hrc7j7wd8nrh2q3ujiqnp2umyvcaa9m','eyJuZXh0X3VybCI6Ii9jb3Vyc2VzL2xldmVscy8ifQ:1ttAS0:vzEISWmlfts3eg9USnSCHid2BJ0oSQeMZ5ewmTfbMSI','2025-03-28 19:12:08.155860'),('2ov5cd8ahh261znjh4c3ubecqpx0dwdu','eyJuZXh0X3VybCI6Ii8ifQ:1tlFkb:uSe4lPJ4QIIcYmMX9QtpzEb37KwDpXaLtdEltcBu28Q','2025-03-06 23:14:37.648397'),('2znig1wp3axd6cfoir0joc6f3gts68fc','eyJuZXh0X3VybCI6Ii9hY2NvdW50cy9yZWdpc3Rlci8ifQ:1ts7Rn:9iKmKQuTEKNMO04wzAY86TneNEYyy60HH2jmdO5e0_s','2025-03-25 21:47:35.194873'),('39fxp1wj2sxuoxj0o5bmgn9tvf70cw7u','eyJuZXh0X3VybCI6Ii9jb3Vyc2VzL2xldmVscy8ifQ:1tqvk2:GdrG6kj2rTEd3WtDH5ebF2HRMhGC67b2sVYlxrgYBwA','2025-03-22 15:05:30.060291'),('3l55gzxpuwxlqs21p6zd1rujv3ax75pd','eyJuZXh0X3VybCI6Ii8ifQ:1toN4o:1O7Ul1GWasHc1sFvOqTbUAvwGNHpbpp5FCZ5YRVmndQ','2025-03-15 13:40:22.729144'),('4a7a8him9ai0u1jtbv3z83tdkffqyrkh','eyJuZXh0X3VybCI6Ii8ifQ:1tppVn:dcHiNSzoBeXUnH8Vg6_N1BfokcswOCmZLq49YigiGnY','2025-03-19 14:14:15.917949'),('5k0ba9h3c539t96zcz2fyd4bulvbd90g','eyJuZXh0X3VybCI6Ii9hY2NvdW50cy9yZWdpc3Rlci8ifQ:1tr6Xz:gdK3G-3rckj4ZTlGu1JdjRmBCysxm-XJCVcpoJ_6r-s','2025-03-23 02:37:47.729683'),('5z4otzdndkif7s7g828gq7ddxqsh0f9g','.eJxVjDsOwjAQRO_iGlmOfxtT0ucM1q69SwIokfKpEHcnkVJAN5r3Zt4q47b2eVt4zkNVVxXU5bcjLE8eD1AfON4nXaZxnQfSh6JPuuhuqvy6ne7fQY9Lv68Tg2ODEZJUG4TEeue9SNwjRRcBMPnATrDYtnggY0srhhI0ZBto1OcL-MI4Fg:1tmJvL:_th3huNYUXSLb2GgtAM3KYY9hdU_Y_ZsFl17FdzJbls','2025-03-09 21:54:07.014037'),('6ftbva8fv2xlz80hjt4fjseqjqs4hys0','eyJuZXh0X3VybCI6Ii9hY2NvdW50cy9sb2dpbi8ifQ:1tmHHl:faswIUZ0WZTyiXJsFb5YI_z0doWybSxvnNkfdIG1CsQ','2025-03-09 19:05:05.034165'),('6qpubfodw2pqvltobwpyjly7jj7ekfcf','eyJuZXh0X3VybCI6Ii9hYm91dC11cy8ifQ:1tlh0T:UaSSAvoHXiWZWO5fTiGdC3Z7baN3frRaaGjueZcktew','2025-03-08 04:20:49.028336'),('70qn7qklgftogx02kbn0jt8muiy369od','eyJuZXh0X3VybCI6Ii9hY2NvdW50cy9yZWdpc3Rlci8ifQ:1tmHvH:9PxbNEMTz1HzM8Qm-Zp5zstoi0maht6WdltnkZuGotg','2025-03-09 19:45:55.364800'),('7qin9ray0s1urvgywenc1sf5ekadgees','.eJxVjMsOwiAQRf-FtSEDDC-X7v0GAgyVqoGktCvjv2uTLnR7zzn3xULc1hq2UZYwEzszyU6_W4r5UdoO6B7brfPc27rMie8KP-jg107leTncv4MaR_3WIoPxSSaNygKgsSBsIWm108WjI5QOjJQ6eUXZKI_eQfQTmknogiTY-wOedzYy:1tsDYY:-MkRIiDcZJI_BrDOwcCXBGUrrfyOe0mEOjUGyTYtqj8','2025-03-26 04:18:58.696725'),('871l7j6cb9ujueg7hnqzij0ejgw2b4ye','eyJuZXh0X3VybCI6Ii9hY2NvdW50cy9yZWdpc3Rlci8ifQ:1tsBc1:TjOtiYxL6kCGwq-ldXMiyEuPEuELD5XJy-dX9J28fAE','2025-03-26 02:14:25.035559'),('8havhhw1odqddmrek9cf579zptfd1f5l','eyJuZXh0X3VybCI6Ii9hYm91dC11cy8ifQ:1tmdG9:k77joCKm1JrJJEsLad62xKDeC74cfevopzbp7QKiRfY','2025-03-10 18:32:53.180312'),('8pu2wdepc6zkywzpwd7l0leu3i84yxht','.eJxVjMsOwiAQRf-FtSEDDC-X7v0GAgyVqoGktCvjv2uTLnR7zzn3xULc1hq2UZYwEzszyU6_W4r5UdoO6B7brfPc27rMie8KP-jg107leTncv4MaR_3WIoPxSSaNygKgsSBsIWm108WjI5QOjJQ6eUXZKI_eQfQTmknogiTY-wOedzYy:1tlaeA:mCacU6DTd77SVDs4frg4ibTSKwBPBdQylawGeRKLQ5k','2025-03-07 21:33:22.880705'),('95nttiucq5jbs7066hgah2dyoccocbpi','eyJuZXh0X3VybCI6Ii8ifQ:1tt9pi:a5yPksvx1dbZ7VmfBWsCQLilWD_FbGEOpW7ro9K_TZI','2025-03-28 18:32:34.356364'),('9twb6y4es9rryc054x3pmmccnqez5757','.eJxVjEEOgjAQRe_StanUDpVx6d4zNMPMVFBSkgKJifHuQsKG7Xvv_6_J-pnjUgZzM2dzMpGWuYvLpCX2sjJ3ZC3xW_Mm5EX5OVoe81z61m6J3e1kH6PocN_bw0FHU7euWZvQAnANyM5Tra5Jrk4VNF5ACSUkUuEK2aPDgBeEkFwVvBdPCa7m9wcfujxC:1tlFF1:ws48EHOUfCAkeJrLlu0K-9vsMI_pHdYpDWGH5ApwU8E','2025-03-06 22:41:59.335623'),('aewg159ztswv9zcige699e587rab8l5q','eyJuZXh0X3VybCI6Ii9hY2NvdW50cy9sb2dpbi8ifQ:1tsARQ:qxuvznyDV-XPaL_hEivnpSxmhHHRoQUfk5OAaWeo2s0','2025-03-26 00:59:24.048623'),('aiselhte6p608e7d6jewowiqpj9gv9ya','eyJuZXh0X3VybCI6Ii8ifQ:1tlPuT:2529ZGEJCezSCeutWboeKF7m5rXqDy27yNVihDDK0l4','2025-03-07 10:05:29.327140'),('anmzq6n6dhd6oumont18i5n33s4zc5s8','eyJuZXh0X3VybCI6Ii9hY2NvdW50cy9yZWdpc3Rlci8ifQ:1tt9t4:pNmT32fiQs_iKN5RIBbD5AZD9lvCDUZXXwH1jBZ9628','2025-03-28 18:36:02.025303'),('aqohwrdx1ro5eq0njfhgnbfch98jv38d','eyJuZXh0X3VybCI6Ii8ifQ:1trLZz:M1C-gAlPZyIxnYikWRu852mKZeKzAUlq94HEKgy2pBE','2025-03-23 18:40:51.170396'),('b2xpmqewlh9cpo7sg6xwx8nyvwfsrioh','eyJuZXh0X3VybCI6Ii9hY2NvdW50cy9sb2dpbi8ifQ:1trM3v:TAd00wRZIcOWwb1TSUjpsoL4-_euXovMNcBN_DMADwg','2025-03-23 19:11:47.513415'),('b3e5tb0onzpyt5ll4sz8063ip5zz4xt2','eyJuZXh0X3VybCI6Ii9hY2NvdW50cy9sb2dpbi8ifQ:1tmC5r:eK7Lv9vwMJZasePb2v7DR_dykqm34OFvkrEcF8E5lCU','2025-03-09 13:32:27.834645'),('b3nkwdd6kgpn2v7s4yaoztibfa3m0thz','eyJuZXh0X3VybCI6Ii9hY2NvdW50cy9sb2dpbi8ifQ:1tlPua:quDLbUtBQMc0_A_pA5svP_u0umGcR42ZEUkf31Wlmno','2025-03-07 10:05:36.031526'),('bbsbv2a8q8x54gmgo4wodjhcn8511i48','eyJuZXh0X3VybCI6Ii9jb3Vyc2VzL2xldmVscy8ifQ:1tmCJL:EaS3SZe-G-0_DhkqwnQrv9Yscu6eQ4wyK1lXtOrhn6g','2025-03-09 13:46:23.829220'),('bi3zyt7ymaztsxagr8izj3or5drzksxh','eyJuZXh0X3VybCI6Ii9hY2NvdW50cy9yZWdpc3Rlci8ifQ:1trN7i:jwrOyob5UoK7v_ciNXBZbLAcJ_2q4QjMoi3X5Et0y5c','2025-03-23 20:19:46.760382'),('bojy4k3v1pea6upbtay2ei0fg6sbcv9z','eyJuZXh0X3VybCI6Ii8ifQ:1trLJ6:qU0fnoByf4WIHb269ZKn41JbfsS_ZBk0L7MfGHtVoxQ','2025-03-23 18:23:24.694273'),('c593997ys2v4qx1t9zbq4rz7llsn7sxa','eyJuZXh0X3VybCI6Ii8ifQ:1tmzpk:B7kE3eujypqiODPOT--3BLweskF3mLKuGCk37l8csQM','2025-03-11 18:39:08.521145'),('cej8nnl9rqcezgk7papjyp6jmow97vsf','.eJxVjEEOgyAQRe_CuqGC4wBddt8zkBmBYmswUUmaNL17NXHj9r33_1eU-Fl9nUdxE1dxEZ7qmn1d4uyHsDGAM2Tq37HsJryoPCfZT2WdB5Z7Ig-7yMcU4ng_2tNBpiVva1RORQMKuDNgLaYWnAoNYOeAQKfQIJNyqIjQMNsONRjNrY1GJ52M-P0BCkw7Vw:1ttBN0:dBwsHAZH3__yLtzf6cab9GGkzgagh6DvvhVpHGZEv2U','2025-03-28 20:11:02.490676'),('cob9n9w3ln8hy21ewelf6ecpz2oukw2e','eyJuZXh0X3VybCI6Ii9hY2NvdW50cy9sb2dpbi8ifQ:1tpYdE:x57n7lasADlckyX0l_GrppuI5Z7xgmTTYgkqYzUakvk','2025-03-18 20:12:48.233099'),('cvg1ws44yjue6h469nllr7bmqu7ynjo0','eyJuZXh0X3VybCI6Ii9hY2NvdW50cy9yZWdpc3Rlci8ifQ:1ttAx4:98vu95RkUsoS4uBgbFu1X1vJEvzvaqHDoUUJ_6vQqgo','2025-03-28 19:44:14.289879'),('d5t9kpvd8p81d544hsxgqxeez7m3ipae','.eJxVjEEOwiAQRe_C2pBChwFcuvcMZKaAVA0kpV0Z765NutDtf-_9lwi0rSVsPS1hjuIsAMTpd2SaHqnuJN6p3pqcWl2XmeWuyIN2eW0xPS-H-3dQqJdvjcqrZEEBGwvOYR7BqzgAGg8EOscBmZRHRYSW2RnUYDWPLlmddbbi_QHOaTbJ:1ttBQF:Mlo-zD18fyinGAJeIlG12XvV5MhjPXscpvpoJx9gPI8','2025-03-28 20:14:23.612777'),('de1tsgh85egxo6p8ev6uauwq6w5kztw1','eyJuZXh0X3VybCI6Ii9hYm91dC11cy8ifQ:1tnMK5:SZxH6ivnkPkXvvEPaagg2Z0Y4OwFUEJFwivdo23tqHM','2025-03-12 18:39:57.558112'),('dgeekkil97h1290sktzx6fx7w9e8stt1','eyJuZXh0X3VybCI6Ii9hY2NvdW50cy9yZWdpc3Rlci8ifQ:1ts1ok:ZfGBdwAma26Zv9O6KTJkYYLNqATxpF9znG8wP0ayyng','2025-03-25 15:46:54.785211'),('e23e5bpp6gtk4rwycrpzfbtlqy9mbwu8','eyJuZXh0X3VybCI6Ii9hY2NvdW50cy9sb2dpbi8ifQ:1tlYMf:OUX5p04GFKAxH529bt03TQWL3b5rSi4XpekpvOLEWgM','2025-03-07 19:07:09.616049'),('eeh63y3kmo6ykfvwjabff6k0x5ptun6a','eyJuZXh0X3VybCI6Ii9hY2NvdW50cy9yZWdpc3Rlci8ifQ:1tn0WP:FbSMsozcK3yX3BJe336fmR8dRh0zAL2SE0ap7BUGFEI','2025-03-11 19:23:13.677923'),('eqj0p3wl8h86nkwjss2qnaah2whzb8j3','.eJxVjDsOwjAQBe_iGlm2179Q0nMGa_1ZHEC2FCcV4u4QKQW0b2beiwXc1hq2UZYwZ3ZmUrPT7xgxPUrbSb5ju3WeeluXOfJd4Qcd_NpzeV4O9--g4qjfWoOwSkI2Dh2B8cnFCbSwlBG8iYrI22KTFl5qQCMUiUwTRVXAS7LI3h_nhTeo:1tnLlQ:kBfalmmyi3xfNadvjH_UcLfrtCO0wg0-_VobTlwsXM8','2025-03-12 18:04:08.161213'),('f08msf618fmnqd51ii7h8zm5wwlmjkd7','.eJxVjEsOAiEQBe_C2hBA5OPSvWcg3XQjowaSYWZlvLtOMgvdvqp6L5FgXWpaB89pInEWWhx-N4T84LYBukO7dZl7W-YJ5abInQ557cTPy-7-HVQY9VszoA8KS9CFOYbM4ACK8mTplMk5pcmi1kdnIFJkjMY6jRENuBC8yuL9ARYVOJQ:1tpveU:5mcgTeEf3ZiYwiQz24_Z4xjz2NuPusc6_PQGLsdL-4w','2025-03-19 20:47:38.819399'),('gcfshfyz6nzh5dlq9djuv94edktui67x','eyJuZXh0X3VybCI6Ii9jb3Vyc2VzL2xldmVscy8ifQ:1tsh7d:6cjQc69WRdqXHNxygzTVI8umLrq7Q9wtQ5xOkq3Wpgs','2025-03-27 11:53:09.596425'),('gf5snyu3n1ka857emz90f0qisqrtxz1z','eyJuZXh0X3VybCI6Ii9hY2NvdW50cy9mb3Jnb3QtcGFzc3dvcmQvIn0:1tnF5O:ni4fQA4NeM-cjcHU3o_hyu907qyBJ3P3h7flYteZsJc','2025-03-12 10:56:18.049940'),('guwa4nnk3s3adyk1clv34am7wtqwryoj','eyJuZXh0X3VybCI6Ii9jb3Vyc2VzL2xldmVscy8ifQ:1ttCMo:lJNG2ylWyIXkopgrFD29uzWxooAt8br0WenJZzv_sYg','2025-03-28 21:14:54.810213'),('gwe41g9wm8ll873m6mj28q9djfy8nmqx','eyJuZXh0X3VybCI6Ii8ifQ:1tsAQ6:9C43R6vW_RNK2MGD67cCBUZiJm4D4_Jgs6fSvwfvqo4','2025-03-26 00:58:02.414563'),('hfqkykt96bsgz8jqce34ghny2vwveqsw','eyJuZXh0X3VybCI6Ii9hY2NvdW50cy9sb2dpbi8ifQ:1tt7De:BLXB4ERwSCg2pGyp9l_GVCBUPyD0fedo6vTXxDwrx44','2025-03-28 15:45:06.622852'),('i157zbkiax2xo4mrzhj46pgasiny8vag','eyJuZXh0X3VybCI6Ii8ifQ:1tlXvA:TwIdlCiGNmaW2hZqA6BVlr9zBwwUe51CimUBNqp5U-k','2025-03-07 18:38:44.441962'),('i4knxytg84t7f76m9c0aa0thlyk4djc3','.eJxVjEEOwiAQRe_C2hCgQwCX7j0DmRkGqZo2Ke3KeHdt0oVu_3vvv1TGbW1567LksaizCur0uxHyQ6YdlDtOt1nzPK3LSHpX9EG7vs5FnpfD_Tto2Nu3FiIXTGWsgJEgkpHikkdTxLIxgcGLRQE3VG8H9hFSilQcBgGIHNT7Awv-OF0:1tllsO:2RByQf9yJv_rCF8n528OzQVWE0cUjZnPcqCuo4mjZt4','2025-03-08 09:32:48.188003'),('icxkpq0p46gtdoj0q2a3dw0hlr1zk6g0','eyJuZXh0X3VybCI6Ii9hYm91dC11cy8ifQ:1tplwd:S4LmVorjoHUBI8A-K2X2NRJbHz5WBOUrENu-UEcUEYc','2025-03-19 10:25:43.017367'),('j1oz4n1g0wgii3od8t7438ad6jarrjuh','eyJuZXh0X3VybCI6Ii9hY2NvdW50cy9yZWdpc3Rlci8ifQ:1tnvXL:RopSlfamCvTlFg9ypE0dKagKJJPWaR8b7e7KIZIqH9E','2025-03-14 08:15:59.896619'),('jabvsbl2hmhnxuf7z706mlryurygjriz','eyJuZXh0X3VybCI6Ii8ifQ:1tn9WD:fbJbZlcQBqZBmeHw5qkKAzCLVXZ1KVb4hhVqFNYCoEw','2025-03-12 04:59:37.000602'),('jz2f4tjtvikbhpqyu0berul89sydmh3o','eyJuZXh0X3VybCI6Ii8ifQ:1tptiU:K-UA2XUtMrxi-LPRCTEU8YK3bj6P5Fvd589euVrHx-s','2025-03-19 18:43:38.171726'),('k041tivdbkh8eosurfyniudskir0bbkl','eyJuZXh0X3VybCI6Ii9hY2NvdW50cy9mb3Jnb3QtcGFzc3dvcmQvIn0:1tsAVt:PnnpNy6b1FHtqOZp50O7FrTH1XzgFh3ebP8FTcHA2eU','2025-03-26 01:04:01.818709'),('k0kdbgi8iruruuytm4fiiwb9qts3lqpl','.eJxVjDsOwjAQBe_iGlnY8W8p6XMGa-1d4wBypDipEHeHSCmgfTPzXiLitta4dV7iROIigjj9bgnzg9sO6I7tNss8t3WZktwVedAux5n4eT3cv4OKvX5ra4pyrFzRhmFQgGCKZ3OmoVACrZiUd2QR2COTAchQgmXtsrfJBBTvD-dlODA:1tlbo2:BcPeBD0Fx7mrGmOivYbJdK5eLRyyLbqym-mGZutiEyg','2025-03-07 22:47:38.257966'),('k2v1hgjyncf9hjjwi7g7s6gpqnblgs97','eyJuZXh0X3VybCI6Ii9jb3Vyc2VzL2xldmVscy8ifQ:1tsLcB:c5IiUXe3uloUg2AJRTTvcbjLfupRyKANi6Cnnla5Q08','2025-03-26 12:55:15.080410'),('k3habs5fh04oo7mq68xpbp6gqcu4kjti','eyJuZXh0X3VybCI6Ii8ifQ:1tlnob:rLy3cRKPiOl4QDV2uICKDgOYidcQyY6--WPBjtOmvok','2025-03-08 11:37:01.504754'),('k5m03w6dx237h9tptlp16xnw8cmsawsg','eyJuZXh0X3VybCI6Ii8ifQ:1tpXNM:jRpivkg0aQttE7R03yhz_ZR5C6Bjiwb3Wv3IL5hmHmM','2025-03-18 18:52:20.075401'),('l66ir85r84i1i6n6qxn5tyi1rx5bi8nl','eyJuZXh0X3VybCI6Ii9hY2NvdW50cy9mb3Jnb3QtcGFzc3dvcmQvIn0:1ttEvV:RiZ7ovRFJNmmWk9fgPCwfNgFpe_Z7_Yajpz3b7OxbvY','2025-03-28 23:58:53.662171'),('l9bth0qf1b15s49oc0t2jcayof2n2upi','eyJuZXh0X3VybCI6Ii9hYm91dC11cy8ifQ:1tpXzW:YJJZz86PXs7rSnWGcHEjQ6N1mCqdpCKZ58FMeF-D8j8','2025-03-18 19:31:46.811821'),('lfx489sgetlfgmyl7kr247a4ifaojjxg','eyJuZXh0X3VybCI6Ii9jb3Vyc2VzL2xldmVscy8ifQ:1tlYyi:X08zacDpvRTO3e7tbYTYdZZHqHWS_XV972mQybAFKG0','2025-03-07 19:46:28.567996'),('lg63lcypajsw96vgucvpvt6cnfoj7h1v','eyJuZXh0X3VybCI6Ii8ifQ:1tlPub:f1QasDI4qr0IkgMoRDSK9RigdSAscLOS1GA35zANLoo','2025-03-07 10:05:37.784260'),('lja5dt61qur7fkovplqd4doe4il8y713','eyJuZXh0X3VybCI6Ii9jb3Vyc2VzL2xldmVscy8ifQ:1tq5CV:JkVGz_LMn9wkcmuoA5kPevNVHtRONIgaBNyXB5OR5e4','2025-03-20 06:59:23.801349'),('lr7hkaqcyxome10a56c46og7qvr4wmzy','.eJxVjDsOgzAQBe_iOkKLsbGdKkqTKmewFu_ySQBHGKood4-RaGjnzbyvWDjx6uP6EVdRS6ulFpcD8oTDmPEDJxwB1K3bQRHilBWP29r7LfHiB8pSCWfYYHjzvC_0wrmLOZvXZWiKXSmONRXPSDzeD_d00GPqcw1Gg1GhbaVFGwhAl7IKWDrCoOqKjFOmlsEhSwVSoWXSACU35GwFtRO_P82NSQo:1tmfzz:CwJ1vdGjmBv0dF9aGNVgveetzxXco-gokMyYfjLTano','2025-03-10 21:28:23.728361'),('ltgmdtk8pkvkd2in7tki9pg4dd7435cd','eyJuZXh0X3VybCI6Ii9jb3Vyc2VzL2xldmVscy8ifQ:1tldgR:0kcGp9U7pGFC8CkbAkQbSZjHFU_3Ij_1K1sHCXAroPI','2025-03-08 00:47:55.509987'),('luqwy9pbnospy0qvm706to625h0tbr57','eyJuZXh0X3VybCI6Ii8ifQ:1toMNf:1D0Q_lL8zLOmv5IOVuLEFZHNNeodOW_QL-o82LXENG8','2025-03-15 12:55:47.940434'),('m1n55btebnurxj416suqmx1nxie3tycu','eyJuZXh0X3VybCI6Ii8ifQ:1tnici:4c9I6345qEPCuKAIiEw76-_TWtX6rYiuMKjj2t71qP0','2025-03-13 18:28:40.309772'),('m4eltdikezkcui14czt6fvw26zc78d78','eyJuZXh0X3VybCI6Ii9hY2NvdW50cy9mb3Jnb3QtcGFzc3dvcmQvIn0:1trPda:os_ytCYa5U0fwb2Ox5LlkGHKkq60qKXZYkGD05O7MhQ','2025-03-23 23:00:50.250623'),('m6ya5yrf2citsmh344aom6c7p2wbiglj','.eJxVjMsOwiAQRf-FtSEDDC-X7v0GAgyVqoGktCvjv2uTLnR7zzn3xULc1hq2UZYwEzszyU6_W4r5UdoO6B7brfPc27rMie8KP-jg107leTncv4MaR_3WIoPxSSaNygKgsSBsIWm108WjI5QOjJQ6eUXZKI_eQfQTmknogiTY-wOedzYy:1tlbEN:zzdw3RhIZB2Hd8yE4OQkr4vTtSw7PA8H0m_5CpxtxQ8','2025-03-07 22:10:47.484016'),('m8sad3cngm125u3u4a2q8i1tm3ujppx9','eyJuZXh0X3VybCI6Ii8ifQ:1trT1X:z4WmnQaYASTMEYTjgNuLxWBsQAOkCQtuSA5gqeJ0Qd8','2025-03-24 02:37:47.443408'),('mq9gpfp8qhcaikoxj1uqui5ahnfeyxji','eyJuZXh0X3VybCI6Ii9hY2NvdW50cy9yZWdpc3Rlci8ifQ:1tsASj:iF6ylIvEbgG7r5GnlWQzoTStAv3CbVt2zyjHIiCxzhM','2025-03-26 01:00:45.677745'),('n1os76smgl9hyt86elrr01vq3ojtuy8z','eyJuZXh0X3VybCI6Ii8ifQ:1tniN9:3BnS7Uw33nIvfMVmo3d_JxgsMbv8QmQT2H9f17mWGR0','2025-03-13 18:12:35.157195'),('nhkzms4d3fpwewvv8a2vf1km3vtqhmop','eyJuZXh0X3VybCI6Ii8ifQ:1trQkj:WpMeoNP7wC0qc4V5Hms8C-dl4RGiz2iqAdRcp0CNntw','2025-03-24 00:12:17.679412'),('noccj9l6tgud8gypxhbnydddq2e4pva0','.eJxVjDsOwjAQRO_iGlmOfxtT0ucM1q69SwIokfKpEHcnkVJAN5r3Zt4q47b2eVt4zkNVVxXU5bcjLE8eD1AfON4nXaZxnQfSh6JPuuhuqvy6ne7fQY9Lv68Tg2ODEZJUG4TEeue9SNwjRRcBMPnATrDYtnggY0srhhI0ZBto1OcL-MI4Fg:1tmJvJ:F93MxvS8h1Tfn6nFZr9SqM2cWloShT62aKEZN2pUKXg','2025-03-09 21:54:05.892098'),('o12kgjrgxwyfa2n2ttv6dwtlax8vnpkw','eyJuZXh0X3VybCI6Ii8ifQ:1tsuXd:dXN0DnwVfqljw5Kv7Zh3U6SV4acFZbkfGGg0w9Grc-o','2025-03-28 02:12:53.003246'),('og88tk0kkbzicgn5jc4onz0a14qazo30','eyJuZXh0X3VybCI6Ii9hY2NvdW50cy9yZWdpc3Rlci8ifQ:1tnkAc:qE6bJuPdk2rEWuMk9J1tsNiXSMxWYrhRTbArwMMrTLo','2025-03-13 20:07:46.205279'),('ohoedq08qieercp7hb4w1dwawt1096eb','.eJxV0E1PwzAMBuC_gnIF0abttmonyqVITDAxDnCaosZtM_LRxUlHmPbfSSSQ4BY9r2zHPhMLg0BnmRNG742byJrUi7ysS3LzP-PMMbI-kw5trwTnEk7MgjMfoGONz10rtoc2hNe5Cu3Rf9F72-POPuwq_ziF8L54lg0cNlO7Cb0yw5a-PA3dW10dRalnEadp-HSxU9YZbxEwkzCDxCwlTEFMmlEBv2okY9E8gv3r-x-fGOLJWP7rtEibgGJCRrLx01qZkSnFl_ndkPi2MyoVjkanbtdFTnNaLKuKrlbRhWJD8nQPI9MLneegXQR0kA5GyeXyDYAbbPw:1trHXL:CNKMDMjtERBxIBAH12vBZIOxv_eLThhDK4c3esoIXbE','2025-03-23 14:21:51.382067'),('pnx2voszd5fn6scsquzduj42qrdph5hm','.eJxVjEEOgjAQRe_StanUDpVx6d4zNMPMVFBSkgKJifHuQsKG7Xvv_6_J-pnjUgZzM2dzMpGWuYvLpCX2sjJ3ZC3xW_Mm5EX5OVoe81z61m6J3e1kH6PocN_bw0FHU7euWZvQAnANyM5Tra5Jrk4VNF5ACSUkUuEK2aPDgBeEkFwVvBdPCa7m9wcfujxC:1tlD5S:2ZfFPxTRt-K2V0zQwsWUKZNFs_X0PlrZhVH_pW19WvY','2025-03-06 20:23:58.158266'),('pv47zlyj7gn6xsv8hxnst3ugdfpg5y1t','eyJuZXh0X3VybCI6Ii9hYm91dC11cy8ifQ:1toYjU:JvgG5NO4O4M1rNx9hx6bWo_tkd_rDBaPfwi_bRtCuEk','2025-03-16 02:07:08.118455'),('q2hxweof21edp4xfsce35t7y2l68jdw1','eyJuZXh0X3VybCI6Ii9jb3Vyc2VzL2xldmVscy8ifQ:1trX3C:k3pG1RRxGdOJlfUgXkDp4X91gCBLJlGl1YZGB3R_gQI','2025-03-24 06:55:46.253131'),('qbh07zuetrs7y0lvhky6ks42ura2sq9m','.eJxVjEEOgjAQRe_StWlaCjNTl-49QzNlpoIaSCisjHdXEha6_e-9_zKJt3VIW9UljWLOBszpd8vcP3Tagdx5us22n6d1GbPdFXvQaq-z6PNyuH8HA9fhW4fitDQlspITH0sLGKKnjjWzAqLrKDA04ASxIcoCmQkIey9RWg7m_QHmuzfC:1tlbcJ:VzQg2Q4vVUPxsBEDo_VT11zVghKFrpydAYfKbLFN3jM','2025-03-07 22:35:31.640170'),('qfsgsivkgnbxx4f89xv0j5az7gratbz3','.eJxVjsEOgjAQRP-lZ9PQ7iLg0bvf0Gy3uxY1JaFwMv67kHDQ67w3k3mbQOuSw1plDmMyF9OiOf2GkfgpZSfpQeU-WZ7KMo_R7oo9aLW3Kcnrerh_A5lq3treOYx8JmHfA4D2FJUVUVVUEgqqDNp0DlokSM5HGDrkhpBBNG6vPl8z6Dkf:1ttBAu:3WBnhElERgtOYFAgKmkYEKbM_Yiuv6G05SFdY034ldM','2025-03-28 19:58:32.730693'),('r51zcjsbdqufljwglc2ig4um0f5lkso2','eyJuZXh0X3VybCI6Ii9hY2NvdW50cy9sb2dpbi8ifQ:1trVpj:PCu99eSORCCQz2hlP2JrKWuXdxw6DNZ145-oSDUHK4M','2025-03-24 05:37:47.573355'),('rbvmcuwue5oklx31gaitz4w8vn8g0lyu','.eJxVjMsOwiAUBf-FtSE8G3Dp3m8g9wFSNZCUdmX8d23ShW7PzJyXSLCtNW0jL2lmcRZOnH43BHrktgO-Q7t1Sb2ty4xyV-RBh7x2zs_L4f4dVBj1WxtyJjvCSbkcMUK00XNBTeAsEJaJrQqIBsAbXygW4MhBe-2DM0BKvD8GLji0:1tlbcX:eR7SYCugHtfS15RaP7DNL-W_rDhRHvFH1VsR28Xld24','2025-03-07 22:35:45.551099'),('s37yo47rltr62il12b6w0walj5t8i95k','eyJuZXh0X3VybCI6Ii9hY2NvdW50cy9mb3Jnb3QtcGFzc3dvcmQvIn0:1tsb68:sDA-aA_9Gw4cikPJ5iZiN5cUWgb8LqP2ByVbTHvjTVo','2025-03-27 05:27:12.646995'),('s3ktw9fbntzwoqh1bfa5j9ulzkvd6rzn','eyJuZXh0X3VybCI6Ii9hY2NvdW50cy9yZWdpc3Rlci8ifQ:1tpXhT:RQINoG6gjRGkwiw2yCiCbh9F9P_A3M1W83J4xGPGjB0','2025-03-18 19:13:07.588273'),('s68pfnt2z6t46fhpcb7em1ml1rsi17q2','eyJuZXh0X3VybCI6Ii9hY2NvdW50cy9sb2dpbi8ifQ:1tqMdH:F-dZyYCs9j34cMQup3h6pYExLdHDghi-uOu6QeB4kBc','2025-03-21 01:36:11.282801'),('s7m4amppafih8qtsw4c31j59fmbcm59m','eyJuZXh0X3VybCI6Ii9hY2NvdW50cy9yZWdpc3Rlci8ifQ:1tp8V0:s9kvBTBAdL3sgHcD1gLSZmPpS99AA4XH7-qB1n15YTY','2025-03-17 16:18:34.801425'),('sdqxzfjo8euqmu1d4eoxj275luwv5xmi','.eJxVjMsKwjAUBf8la4l5P1y69xtCkntjqyWFNAVB_Hdb6KbbmTnnSyp-eljbRG7kSi4kxLUPYV2whRE2xsUZppjfWHcDr1ifM81z7W1MdE_oYRf6mAGn-9GeDoa4DNvaWmuEYaXkVBiz0nhpldcFs3XSReDKuZQEaqnBo1ZeCAXGcIFSomOc_P4kRzuO:1tlvVn:tu24SvQmHYKdLduoShBTaG2aECHtKNRN1Al8qJuZ8o4','2025-03-08 19:50:07.481346'),('t81zdp06ihnp2l914bwrpoxa5kib8hei','eyJuZXh0X3VybCI6Ii9hY2NvdW50cy9yZWdpc3Rlci8ifQ:1tlZKn:TS3KpLhDwLOJm8Kcux8Jqx6lpBMPct9QY9gYRW8RTsA','2025-03-07 20:09:17.614196'),('t8k66f9v54xun8tzrhnxdv93br7kvsqk','eyJuZXh0X3VybCI6Ii8ifQ:1tslas:godKiLIcc07Yj997UkmZsbeK5gTnA3RoRGjGcnkGaIk','2025-03-27 16:39:38.137803'),('ta4cer3zmllwmg2o8ipgi299ey09c278','eyJuZXh0X3VybCI6Ii9hYm91dC11cy8ifQ:1tlIpQ:IVtr67lSKpWQ0T27oHmYJMZaREn-HLrSrTd65_XrSoI','2025-03-07 02:31:48.780220'),('tiuik8klln6kg7sqscb4vy0ut8g2l7pe','eyJuZXh0X3VybCI6Ii8ifQ:1tmGVs:6GkeWrbi2U6-YV07MKBoYm_Xtvr5oPBJg0acvawtydE','2025-03-09 18:15:36.018817'),('u3aehltwv7p9vk7n5i5hetjri3mj7ko0','eyJuZXh0X3VybCI6Ii8ifQ:1tn9y2:o9korFSulZtlJ4-2uAVEmEmuPVL2R-t2HRbJL84RegQ','2025-03-12 05:28:22.937816'),('ubeulw46e9tva0bb198ujtxt823r6spy','eyJuZXh0X3VybCI6Ii9hY2NvdW50cy9sb2dpbi8ifQ:1tp7al:lsnujx6sSH-yGK1b__6ETX4OlR6es7mi08pwrIrBra8','2025-03-17 15:20:27.024975'),('ucqaafuhe6mmztjocnv9ge0dhp7h1r5r','eyJuZXh0X3VybCI6Ii9hY2NvdW50cy9sb2dpbi8ifQ:1tq5CY:9EzcbyArZg1Hk5OP2QbCw8McddXZECNMsIqfFA4_Ky4','2025-03-20 06:59:26.986074'),('uh6ga8qe7ej31tuvi5v364bz7h0bysja','eyJuZXh0X3VybCI6Ii9hY2NvdW50cy9mb3Jnb3QtcGFzc3dvcmQvIn0:1ttPqY:tddKMHmgNvK_xI3x9XOWqOoii_EO9dac_toi9iAMx2I','2025-03-29 11:38:30.276706'),('v8zatwsgob43riv21mxwifljr4my5o37','eyJuZXh0X3VybCI6Ii8ifQ:1tlPua:G_sWZ1c9qJUUPJoGKj2W8U6f6HSZ4KxU1FoZSAC5oMo','2025-03-07 10:05:36.581151'),('w2kkukioou94a0xiunc5o5axt89y4kpk','eyJuZXh0X3VybCI6Ii8ifQ:1trIrx:injatDxCgzusaDTXLPM9hLO_CN8Ew1F2F8lbsIWMGVA','2025-03-23 15:47:13.518292'),('w568dfwx156o5lqzv9qbdkv2z3orlq64','eyJuZXh0X3VybCI6Ii9hY2NvdW50cy9sb2dpbi8ifQ:1tn0lz:WHeXO7Vn92evjv9bS7ckaIpgx6kdy_AFfhEzYgh0tUU','2025-03-11 19:39:19.799200'),('wldi6yxyjx617rhv0wup5k1jb4hyr8et','eyJuZXh0X3VybCI6Ii9hY2NvdW50cy9mb3Jnb3QtcGFzc3dvcmQvIn0:1tmOmS:m2gE0S_4ZADORqM7zReOpWkQRoLJCxQq9KX9VroqUis','2025-03-10 03:05:16.743050'),('x3w9c452byg6oglxgioe95br8fues38f','eyJuZXh0X3VybCI6Ii9hYm91dC11cy8ifQ:1tmjYX:eWIF_0B7ri-UpbeuVsA7qOlS_2uHh6uG5fU7Z8Uu-B8','2025-03-11 01:16:17.607067'),('xn53dnjz3f4mt9y4kwsn1obzhyk5r12l','eyJuZXh0X3VybCI6Ii8ifQ:1tnvXF:3rTTm4qdTBcjflvoET54-k1pLfDNB7rj2DMkB-JLyhQ','2025-03-14 08:15:53.165299'),('xtpzehc8gd1rawn51gfi8chgk1atfl72','eyJuZXh0X3VybCI6Ii8ifQ:1tlPub:f1QasDI4qr0IkgMoRDSK9RigdSAscLOS1GA35zANLoo','2025-03-07 10:05:37.310362'),('xyusb1264uomunl5it4a5xmo6snam3c0','.eJxVjMsKwjAQRf8la4lJm1dddu83hJnMaKolhT5AEP_dFLrp9txz7lcU_qxxm0dxE1dxERG2Ncdt4TkOVJm2Z4iQ3lz2hV5QnpNMU1nnAeWuyGNd5H0iHvvDPR1kWHKtodUM5Chg0kgmBcPBKOXRptZ1ypO2Dol1eCB21isHXVMLw940raIgfn9aZzy8:1tmuoD:3zE7wy0Jg-5UBkI7b1oZy5lHd0C6Gc7HxIpXO75-Gfc','2025-03-11 13:17:13.433257'),('ytbwxdcpnqmg9iflpxj0a2fi337rf1vs','eyJuZXh0X3VybCI6Ii8ifQ:1tnap5:DIBz2XJj59IzrVMKy2mxG_e83CYfNXYFbpizxZ0b-Ro','2025-03-13 10:08:55.833044'),('zajja4mjwflmx5tb90248t1olcgeh5y3','eyJuZXh0X3VybCI6Ii8ifQ:1tpY1R:5RtMAGDHLcTzuoxYwXk1HifbTOgSJqH5N57dqfb1wKI','2025-03-18 19:33:45.360436'),('zilcalsp3yjb5bzaxloftf73njpqwdiq','eyJuZXh0X3VybCI6Ii9hY2NvdW50cy9mb3Jnb3QtcGFzc3dvcmQvIn0:1tqLYL:W48jlYH-X9XFSH5i4TuKBZ1zLQ4QugZRurcm5KdXEqc','2025-03-21 00:27:01.304678'),('zji83bep0lqtkaxeysqhuzkv2y690we2','eyJuZXh0X3VybCI6Ii9hY2NvdW50cy9yZWdpc3Rlci8ifQ:1tmESM:7O1FAZQ6qCg2i8e7TldykWRx-ud6Z1oicy-WWqdyY8M','2025-03-09 16:03:50.562479'),('zqss1e0gcjxbv4h8eekw9rrn212hldoh','eyJuZXh0X3VybCI6Ii9hY2NvdW50cy9sb2dpbi8ifQ:1ts1fZ:ivmXCox_QcfnWYUZPKdiQG-ochVcgRcw_XOAbJmXX3o','2025-03-25 15:37:25.849772'),('zw030yihorqawckpflg6ivdjthmm1qn5','.eJxVjMsOwiAQRf-FtSEDDC-X7v0GAgyVqoGktCvjv2uTLnR7zzn3xULc1hq2UZYwEzszyU6_W4r5UdoO6B7brfPc27rMie8KP-jg107leTncv4MaR_3WIoPxSSaNygKgsSBsIWm108WjI5QOjJQ6eUXZKI_eQfQTmknogiTY-wOedzYy:1ttBMz:BlFYBwtRnX7jcnFNkhlWYD429xZYpER1H1gtGF1zx6o','2025-03-28 20:11:01.079416');
/*!40000 ALTER TABLE `django_session` ENABLE KEYS */;
UNLOCK TABLES;

--
-- Table structure for table `subscriptions_grouptime`
--

DROP TABLE IF EXISTS `subscriptions_grouptime`;
/*!40101 SET @saved_cs_client     = @@character_set_client */;
/*!50503 SET character_set_client = utf8mb4 */;
CREATE TABLE `subscriptions_grouptime` (
  `id` bigint NOT NULL AUTO_INCREMENT,
  `day` varchar(3) NOT NULL,
  `time` time(6) NOT NULL,
  `group_id` bigint NOT NULL,
  PRIMARY KEY (`id`),
  KEY `subscriptions_groupt_group_id_f139da9a_fk_subscript` (`group_id`),
  CONSTRAINT `subscriptions_groupt_group_id_f139da9a_fk_subscript` FOREIGN KEY (`group_id`) REFERENCES `subscriptions_studygroup` (`id`)
) ENGINE=InnoDB AUTO_INCREMENT=4 DEFAULT CHARSET=utf8mb4 COLLATE=utf8mb4_0900_ai_ci;
/*!40101 SET character_set_client = @saved_cs_client */;

--
-- Dumping data for table `subscriptions_grouptime`
--

LOCK TABLES `subscriptions_grouptime` WRITE;
/*!40000 ALTER TABLE `subscriptions_grouptime` DISABLE KEYS */;
INSERT INTO `subscriptions_grouptime` VALUES (1,'THU','18:00:00.000000',4),(2,'FRI','22:12:15.000000',12),(3,'FRI','22:00:00.000000',12);
/*!40000 ALTER TABLE `subscriptions_grouptime` ENABLE KEYS */;
UNLOCK TABLES;

--
-- Table structure for table `subscriptions_joinrequest`
--

DROP TABLE IF EXISTS `subscriptions_joinrequest`;
/*!40101 SET @saved_cs_client     = @@character_set_client */;
/*!50503 SET character_set_client = utf8mb4 */;
CREATE TABLE `subscriptions_joinrequest` (
  `id` bigint NOT NULL AUTO_INCREMENT,
  `course_id` bigint NOT NULL,
  `group_id` bigint DEFAULT NULL,
  `student_id` bigint NOT NULL,
  PRIMARY KEY (`id`),
  KEY `subscriptions_joinre_course_id_356fafb2_fk_courses_c` (`course_id`),
  KEY `subscriptions_joinre_group_id_49fd5e5b_fk_subscript` (`group_id`),
  KEY `subscriptions_joinre_student_id_8a769909_fk_accounts_` (`student_id`),
  CONSTRAINT `subscriptions_joinre_course_id_356fafb2_fk_courses_c` FOREIGN KEY (`course_id`) REFERENCES `courses_course` (`id`),
  CONSTRAINT `subscriptions_joinre_group_id_49fd5e5b_fk_subscript` FOREIGN KEY (`group_id`) REFERENCES `subscriptions_studygroup` (`id`),
  CONSTRAINT `subscriptions_joinre_student_id_8a769909_fk_accounts_` FOREIGN KEY (`student_id`) REFERENCES `accounts_user` (`id`)
) ENGINE=InnoDB AUTO_INCREMENT=14 DEFAULT CHARSET=utf8mb4 COLLATE=utf8mb4_0900_ai_ci;
/*!40101 SET character_set_client = @saved_cs_client */;

--
-- Dumping data for table `subscriptions_joinrequest`
--

LOCK TABLES `subscriptions_joinrequest` WRITE;
/*!40000 ALTER TABLE `subscriptions_joinrequest` DISABLE KEYS */;
INSERT INTO `subscriptions_joinrequest` VALUES (10,50,NULL,1),(11,44,NULL,54),(12,82,NULL,44),(13,53,NULL,44);
/*!40000 ALTER TABLE `subscriptions_joinrequest` ENABLE KEYS */;
UNLOCK TABLES;

--
-- Table structure for table `subscriptions_lecture`
--

DROP TABLE IF EXISTS `subscriptions_lecture`;
/*!40101 SET @saved_cs_client     = @@character_set_client */;
/*!50503 SET character_set_client = utf8mb4 */;
CREATE TABLE `subscriptions_lecture` (
  `id` bigint NOT NULL AUTO_INCREMENT,
  `title` varchar(200) NOT NULL,
  `description` longtext NOT NULL,
  `created` datetime(6) NOT NULL,
  `live_link` varchar(200) DEFAULT NULL,
  `group_id` bigint NOT NULL,
  PRIMARY KEY (`id`),
  KEY `subscriptions_lectur_group_id_35ea8637_fk_subscript` (`group_id`),
  CONSTRAINT `subscriptions_lectur_group_id_35ea8637_fk_subscript` FOREIGN KEY (`group_id`) REFERENCES `subscriptions_studygroup` (`id`)
) ENGINE=InnoDB DEFAULT CHARSET=utf8mb4 COLLATE=utf8mb4_0900_ai_ci;
/*!40101 SET character_set_client = @saved_cs_client */;

--
-- Dumping data for table `subscriptions_lecture`
--

LOCK TABLES `subscriptions_lecture` WRITE;
/*!40000 ALTER TABLE `subscriptions_lecture` DISABLE KEYS */;
/*!40000 ALTER TABLE `subscriptions_lecture` ENABLE KEYS */;
UNLOCK TABLES;

--
-- Table structure for table `subscriptions_lecturefile`
--

DROP TABLE IF EXISTS `subscriptions_lecturefile`;
/*!40101 SET @saved_cs_client     = @@character_set_client */;
/*!50503 SET character_set_client = utf8mb4 */;
CREATE TABLE `subscriptions_lecturefile` (
  `id` bigint NOT NULL AUTO_INCREMENT,
  `file` varchar(100) NOT NULL,
  `lecture_id` bigint NOT NULL,
  PRIMARY KEY (`id`),
  KEY `subscriptions_lectur_lecture_id_b13404f9_fk_subscript` (`lecture_id`),
  CONSTRAINT `subscriptions_lectur_lecture_id_b13404f9_fk_subscript` FOREIGN KEY (`lecture_id`) REFERENCES `subscriptions_lecture` (`id`)
) ENGINE=InnoDB DEFAULT CHARSET=utf8mb4 COLLATE=utf8mb4_0900_ai_ci;
/*!40101 SET character_set_client = @saved_cs_client */;

--
-- Dumping data for table `subscriptions_lecturefile`
--

LOCK TABLES `subscriptions_lecturefile` WRITE;
/*!40000 ALTER TABLE `subscriptions_lecturefile` DISABLE KEYS */;
/*!40000 ALTER TABLE `subscriptions_lecturefile` ENABLE KEYS */;
UNLOCK TABLES;

--
-- Table structure for table `subscriptions_studygroup`
--

DROP TABLE IF EXISTS `subscriptions_studygroup`;
/*!40101 SET @saved_cs_client     = @@character_set_client */;
/*!50503 SET character_set_client = utf8mb4 */;
CREATE TABLE `subscriptions_studygroup` (
  `id` bigint NOT NULL AUTO_INCREMENT,
  `capacity` int DEFAULT NULL,
  `number_of_expected_lectures` int unsigned NOT NULL,
  `join_price` decimal(8,2) NOT NULL,
  `course_id` bigint NOT NULL,
  `teacher_id` bigint NOT NULL,
  PRIMARY KEY (`id`),
  KEY `subscriptions_studygroup_course_id_343e1220_fk_courses_course_id` (`course_id`),
  KEY `subscriptions_studygroup_teacher_id_9032579a_fk_accounts_user_id` (`teacher_id`),
  CONSTRAINT `subscriptions_studygroup_course_id_343e1220_fk_courses_course_id` FOREIGN KEY (`course_id`) REFERENCES `courses_course` (`id`),
  CONSTRAINT `subscriptions_studygroup_teacher_id_9032579a_fk_accounts_user_id` FOREIGN KEY (`teacher_id`) REFERENCES `accounts_user` (`id`),
  CONSTRAINT `subscriptions_studygroup_chk_1` CHECK ((`number_of_expected_lectures` >= 0))
) ENGINE=InnoDB AUTO_INCREMENT=13 DEFAULT CHARSET=utf8mb4 COLLATE=utf8mb4_0900_ai_ci;
/*!40101 SET character_set_client = @saved_cs_client */;

--
-- Dumping data for table `subscriptions_studygroup`
--

LOCK TABLES `subscriptions_studygroup` WRITE;
/*!40000 ALTER TABLE `subscriptions_studygroup` DISABLE KEYS */;
INSERT INTO `subscriptions_studygroup` VALUES (1,1,8,3600.00,84,12),(2,1,8,120.00,89,12),(3,1,16,240.00,80,15),(4,1,16,240.00,80,15),(5,1,10,0.00,2,46),(6,3,10,0.00,45,46),(7,3,10,0.00,50,46),(8,3,15,0.00,45,46),(9,3,15,0.00,37,46),(10,10,13,0.00,52,12),(11,5,1,0.00,53,54),(12,5,1,0.00,53,54);
/*!40000 ALTER TABLE `subscriptions_studygroup` ENABLE KEYS */;
UNLOCK TABLES;

--
-- Table structure for table `subscriptions_studygroup_students`
--

DROP TABLE IF EXISTS `subscriptions_studygroup_students`;
/*!40101 SET @saved_cs_client     = @@character_set_client */;
/*!50503 SET character_set_client = utf8mb4 */;
CREATE TABLE `subscriptions_studygroup_students` (
  `id` bigint NOT NULL AUTO_INCREMENT,
  `studygroup_id` bigint NOT NULL,
  `user_id` bigint NOT NULL,
  PRIMARY KEY (`id`),
  UNIQUE KEY `subscriptions_studygroup_studygroup_id_user_id_c7e87e97_uniq` (`studygroup_id`,`user_id`),
  KEY `subscriptions_studyg_user_id_61d201da_fk_accounts_` (`user_id`),
  CONSTRAINT `subscriptions_studyg_studygroup_id_9cf16dd1_fk_subscript` FOREIGN KEY (`studygroup_id`) REFERENCES `subscriptions_studygroup` (`id`),
  CONSTRAINT `subscriptions_studyg_user_id_61d201da_fk_accounts_` FOREIGN KEY (`user_id`) REFERENCES `accounts_user` (`id`)
) ENGINE=InnoDB AUTO_INCREMENT=13 DEFAULT CHARSET=utf8mb4 COLLATE=utf8mb4_0900_ai_ci;
/*!40101 SET character_set_client = @saved_cs_client */;

--
-- Dumping data for table `subscriptions_studygroup_students`
--

LOCK TABLES `subscriptions_studygroup_students` WRITE;
/*!40000 ALTER TABLE `subscriptions_studygroup_students` DISABLE KEYS */;
INSERT INTO `subscriptions_studygroup_students` VALUES (5,5,26),(6,6,25),(7,7,24),(8,8,27),(9,9,48),(10,10,44),(11,11,44),(12,12,44);
/*!40000 ALTER TABLE `subscriptions_studygroup_students` ENABLE KEYS */;
UNLOCK TABLES;
/*!40103 SET TIME_ZONE=@OLD_TIME_ZONE */;

/*!40101 SET SQL_MODE=@OLD_SQL_MODE */;
/*!40014 SET FOREIGN_KEY_CHECKS=@OLD_FOREIGN_KEY_CHECKS */;
/*!40014 SET UNIQUE_CHECKS=@OLD_UNIQUE_CHECKS */;
/*!40101 SET CHARACTER_SET_CLIENT=@OLD_CHARACTER_SET_CLIENT */;
/*!40101 SET CHARACTER_SET_RESULTS=@OLD_CHARACTER_SET_RESULTS */;
/*!40101 SET COLLATION_CONNECTION=@OLD_COLLATION_CONNECTION */;
/*!40111 SET SQL_NOTES=@OLD_SQL_NOTES */;

-- Dump completed on 2025-03-15 17:09:55
